Open,High,Low,Close
61.28,61.66,60.92,61.52
61.25,61.31,60.67,61.19
60.33,60.99,60.16,60.73
59.99,60.16,59.46,59.80
59.48,60.04,59.38,59.86
59.53,60.07,59.33,59.63
59.46,59.77,59.07,59.22
59.19,60.05,59.19,59.77
59.59,59.98,59.13,59.13
59.00,59.57,58.84,59.31
59.35,59.63,58.49,58.80
59.27,59.70,59.20,59.40
59.13,59.57,58.84,58.88
59.79,59.95,59.15,59.24
60.59,60.59,59.50,59.77
59.94,60.80,59.61,60.61
60.31,60.53,59.67,59.79
60.55,60.92,60.30,60.33
59.58,60.67,59.58,60.55
59.37,59.79,59.24,59.51
59.22,59.29,58.82,59.21
59.54,59.78,59.05,59.38
59.07,59.64,58.93,59.28
59.14,59.41,57.92,58.99
60.31,60.45,59.13,59.21
60.62,60.72,59.71,60.15
60.26,60.76,59.98,60.63
60.14,60.54,60.10,60.10
60.80,60.84,60.33,60.40
60.80,61.15,60.76,60.81
60.01,60.77,59.81,60.73
59.45,60.81,59.45,60.34
59.54,60.48,59.41,60.37
59.23,59.72,59.04,59.51
59.53,59.70,58.92,59.30
58.50,59.34,58.07,59.23
59.80,59.98,58.00,58.66
56.52,56.52,55.85,56.08
56.09,56.32,55.86,56.13
55.90,56.27,55.60,55.85
56.31,56.37,55.67,55.77
58.38,58.38,56.45,56.83
56.07,56.76,56.01,56.70
56.16,56.40,55.96,56.16
56.13,56.38,55.80,56.23
56.85,56.94,56.08,56.27
56.42,56.89,56.29,56.87
56.65,56.82,55.93,56.32
56.85,56.96,56.59,56.64
56.20,56.75,56.16,56.70
55.68,56.26,55.61,56.16
55.85,55.97,55.51,55.93
55.50,55.99,55.36,55.80
55.31,55.35,54.84,55.05
54.93,55.50,54.83,55.43
55.00,55.33,54.80,54.83
54.75,55.19,54.51,54.81
53.93,54.52,53.91,54.44
53.26,53.39,52.84,53.27
53.33,53.40,52.79,53.13
53.35,53.42,52.95,53.07
53.02,53.60,52.68,53.03
52.63,53.70,52.43,53.46
52.43,52.74,52.31,52.33
52.85,53.03,52.47,52.55
52.70,52.90,52.37,52.83
52.90,53.26,52.68,52.72
53.07,53.07,52.70,52.84
52.70,53.23,52.26,53.15
52.72,53.22,52.70,52.71
53.24,53.24,52.48,52.62
52.90,53.21,52.73,53.20
53.07,53.23,52.81,52.87
53.13,53.42,52.90,53.32
53.26,53.42,52.78,53.12
53.29,53.61,53.10,53.44
52.60,53.34,52.42,53.24
54.05,54.05,52.84,53.08
53.04,53.78,52.72,53.18
52.79,53.47,52.65,53.13
53.28,53.73,52.48,52.66
53.31,53.63,53.00,53.15
53.06,53.53,52.92,53.31
53.43,54.05,52.83,53.05
53.31,54.82,53.02,54.10
52.24,52.26,51.96,52.21
52.14,52.46,51.99,52.45
51.69,52.36,51.48,52.15
51.44,51.58,51.13,51.43
51.26,51.56,50.95,51.41
51.06,51.44,50.86,51.21
51.64,51.82,51.18,51.25
51.38,52.04,51.15,51.98
52.04,52.08,51.33,51.38
51.62,52.26,51.62,52.04
51.52,51.65,51.23,51.30
51.74,51.94,51.46,51.66
51.38,51.83,51.33,51.74
51.44,51.60,51.20,51.47
51.31,51.72,51.19,51.34
51.66,51.80,51.17,51.35
50.65,51.64,50.58,51.63
51.68,51.68,50.56,50.84
51.14,51.84,50.62,51.62
50.24,50.68,50.09,50.39
50.63,50.89,50.42,50.52
50.51,50.59,50.02,50.36
50.10,50.80,50.00,50.47
49.37,50.03,49.23,49.93
49.42,49.78,49.26,49.64
49.13,49.38,48.96,49.27
49.09,49.47,49.06,49.38
48.88,49.00,48.47,48.90
48.93,49.81,48.68,49.26
48.04,49.14,48.01,48.97
48.48,48.55,47.38,47.67
48.32,48.82,48.30,48.65
48.42,48.43,47.92,48.17
47.60,48.42,47.41,48.41
47.77,48.21,47.05,47.35
47.60,47.83,47.23,47.39
47.83,47.93,47.41,47.62
48.04,48.09,47.51,47.64
48.67,48.73,48.00,48.25
48.37,48.72,48.18,48.32
48.60,48.85,48.41,48.69
48.90,48.90,47.98,48.52
48.03,49.48,47.95,49.25
48.34,48.54,47.82,48.10
48.01,48.56,47.90,48.14
46.63,48.07,46.56,47.99
47.05,47.07,46.36,46.54
46.93,47.38,46.82,47.10
45.93,46.75,45.74,46.49
45.76,45.82,45.38,45.56
45.68,46.00,45.57,45.64
46.51,46.70,45.68,45.72
46.37,46.66,46.32,46.51
46.08,46.23,45.93,46.20
45.93,46.13,45.80,45.97
46.21,46.36,45.86,46.04
45.75,46.31,45.54,46.21
45.89,46.22,45.36,45.43
46.61,46.92,45.81,45.91
46.08,46.77,45.92,46.56
46.43,46.79,46.00,46.14
46.31,46.61,46.16,46.39
46.18,46.75,46.11,46.14
45.91,46.32,45.85,46.30
44.99,45.83,44.77,45.80
44.56,44.99,44.11,44.99
44.58,44.90,44.20,44.84
44.21,44.69,44.21,44.53
43.27,44.09,43.27,44.03
44.08,44.10,42.92,43.21
44.79,44.90,43.94,43.98
43.60,44.63,43.52,44.48
44.52,44.69,43.58,43.60
44.74,45.00,44.62,44.89
44.18,44.78,43.97,44.65
44.94,45.16,43.77,44.46
45.22,45.24,44.65,44.97
45.91,46.20,45.01,45.04
46.16,46.16,45.55,45.94
46.30,47.80,46.15,46.18
45.33,46.00,44.95,45.40
46.66,46.73,45.18,45.33
46.77,46.87,46.21,46.37
46.60,47.38,46.34,47.03
45.41,46.09,44.49,45.94
45.48,45.96,45.32,45.62
44.99,45.76,44.95,45.71
43.69,44.92,43.69,44.32
43.33,44.00,43.18,43.66
43.47,43.73,43.24,43.26
43.73,44.11,43.14,43.49
43.33,43.70,43.18,43.57
43.38,43.87,43.11,43.22
43.97,44.19,43.35,43.38
43.42,43.82,43.24,43.37
45.26,45.59,43.17,43.51
45.88,45.95,45.64,45.85
45.67,45.67,45.29,45.57
46.00,46.22,45.65,46.05
45.41,46.15,45.34,46.02
45.70,45.83,45.27,45.44
45.08,45.47,45.00,45.15
45.38,45.62,45.08,45.08
44.84,45.32,44.76,45.16
45.78,45.82,45.42,45.47
47.19,47.19,45.42,45.69
47.58,48.15,47.55,47.69
47.33,47.49,46.99,47.38
47.01,47.43,46.88,47.30
47.04,47.31,46.93,47.15
47.07,47.30,46.67,46.83
46.82,47.23,46.82,47.14
46.50,47.32,46.30,47.09
47.05,47.27,46.14,46.41
46.90,47.26,46.52,47.18
46.53,46.71,46.23,46.70
46.46,46.77,46.16,46.57
46.43,46.87,46.31,46.61
46.38,46.70,46.29,46.67
45.98,46.25,45.41,46.04
45.33,45.95,45.15,45.71
44.90,45.48,44.86,44.95
45.39,45.39,44.74,44.79
44.86,45.68,44.81,45.44
45.01,45.10,44.60,44.86
45.36,45.42,44.61,44.90
44.59,45.81,44.47,45.75
46.51,46.53,44.87,44.88
47.07,47.16,46.94,47.02
47.07,47.17,46.86,47.11
46.90,47.11,46.72,46.95
47.23,47.39,46.89,47.00
47.03,47.22,46.81,46.99
47.12,47.19,46.81,46.98
47.66,47.81,47.08,47.14
47.45,47.89,47.31,47.62
47.41,47.79,47.07,47.32
46.67,47.42,46.61,47.26
47.74,47.82,46.63,46.70
47.73,48.08,47.68,47.82
47.63,47.85,47.38,47.58
46.58,47.79,46.57,47.62
46.88,47.34,46.09,46.72
48.63,48.63,48.08,48.43
48.27,48.54,48.12,48.28
48.17,48.62,48.12,48.44
47.97,48.20,47.70,48.14
47.62,48.19,47.47,48.13
47.51,47.58,47.21,47.51
47.11,47.62,47.11,47.45
47.57,47.67,47.14,47.23
47.10,47.54,47.10,47.49
47.16,47.33,46.74,46.83
47.10,47.18,46.90,47.09
47.71,47.75,46.97,47.18
48.11,48.11,47.62,47.87
47.49,48.18,47.36,48.11
47.19,47.75,47.02,47.51
47.00,47.46,46.73,47.26
46.21,46.95,45.79,46.95
46.49,46.52,45.92,46.14
46.72,46.79,46.42,46.58
46.98,47.14,46.46,46.67
46.96,47.18,46.82,47.01
46.67,47.00,46.49,46.98
46.60,46.88,46.34,46.80
46.96,46.96,46.55,46.67
46.86,46.98,46.69,46.80
46.64,46.82,46.32,46.41
45.77,46.66,45.64,46.53
45.61,45.77,45.35,45.40
44.86,45.55,44.86,45.48
44.47,44.74,44.18,44.42
43.65,44.55,43.36,44.47
44.31,44.35,43.63,43.75
44.36,44.80,44.31,44.60
43.68,44.40,43.59,44.36
43.55,43.98,43.19,43.76
42.67,43.11,42.16,43.11
43.63,43.71,41.98,42.26
44.56,45.06,43.92,44.12
46.50,46.68,46.39,46.68
46.15,46.47,45.94,46.03
46.21,46.33,45.76,46.16
45.57,46.35,45.57,46.14
45.42,45.42,44.87,45.36
44.72,45.42,44.58,45.37
45.11,45.38,44.90,44.94
44.70,44.94,44.56,44.91
45.32,45.52,44.90,44.92
45.73,45.78,45.19,45.36
45.98,46.18,45.88,46.09
45.75,46.18,45.71,46.15
45.81,45.95,45.61,45.75
45.72,46.01,45.72,45.86
45.73,45.85,45.19,45.72
45.91,46.15,45.82,45.90
45.75,46.10,45.45,45.95
45.79,46.00,45.58,45.89
45.55,45.85,45.37,45.82
45.58,45.60,45.20,45.51
45.12,45.61,45.12,45.42
44.76,45.29,44.70,45.03
44.89,44.96,44.53,44.57
44.86,45.22,44.69,44.89
44.07,44.82,43.98,44.56
44.45,44.74,43.99,44.32
44.96,45.34,43.63,44.41
42.61,43.07,42.50,42.94
42.55,42.93,42.39,42.62
42.59,42.94,42.42,42.73
42.19,43.20,42.12,42.46
41.50,42.00,41.35,42.00
41.51,41.78,41.29,41.33
40.86,41.62,40.72,41.43
40.64,41.03,40.51,40.96
40.81,41.20,40.39,40.52
41.32,41.49,40.91,41.24
41.20,41.75,41.13,41.71
40.92,41.04,40.26,40.92
41.25,41.78,41.06,41.18
41.35,41.75,41.04,41.58
41.82,41.88,41.26,41.32
41.71,41.86,41.53,41.63
41.98,41.98,41.55,41.80
41.50,42.00,41.42,41.93
41.42,41.68,41.30,41.52
41.18,41.74,41.13,41.40
40.72,41.45,40.61,41.31
40.77,40.95,40.62,40.91
40.86,41.08,40.53,40.78
39.52,41.00,39.50,40.69
39.47,39.82,39.34,39.75
39.86,40.00,39.35,39.41
39.69,39.97,39.40,39.54
39.89,40.10,39.25,39.47
39.29,40.25,39.17,40.24
39.73,39.89,39.19,39.26
40.32,40.52,39.80,40.01
39.56,40.38,39.50,40.31
40.01,40.10,39.66,39.85
40.36,40.58,39.89,40.12
39.35,40.22,39.11,40.16
39.54,39.75,39.14,39.52
39.16,39.45,38.89,39.43
39.90,39.99,39.37,39.47
39.56,40.04,39.44,39.88
40.07,40.14,39.64,39.65
39.33,40.48,39.27,40.19
39.06,39.44,38.59,39.29
38.09,39.10,38.02,38.98
38.59,38.71,38.08,38.29
38.98,39.17,38.41,39.02
38.43,39.27,38.32,39.23
38.17,38.51,37.62,37.98
38.31,38.40,37.96,38.13
38.97,39.13,38.01,38.09
39.04,39.68,38.96,39.43
39.14,39.58,39.03,39.34
38.92,39.23,38.74,39.20
38.49,39.27,38.41,39.04
37.63,38.66,37.61,38.59
37.59,37.70,37.33,37.35
37.75,37.92,37.44,37.59
37.62,37.71,36.96,37.63
36.65,37.50,36.47,37.48
37.64,37.96,36.95,37.17
37.88,38.19,37.78,38.03
36.98,37.60,36.85,37.44
37.73,37.96,37.09,37.19
35.22,38.13,34.75,37.87
36.72,37.17,36.40,37.08
35.84,36.23,35.52,36.22
35.12,35.61,34.94,35.33
35.63,36.73,35.53,35.85
34.21,35.77,34.15,35.37
35.61,35.78,34.39,34.80
37.26,37.31,35.83,36.04
37.15,37.79,36.97,37.42
37.27,37.36,36.29,37.19
37.18,37.55,36.95,37.07
37.37,37.94,37.00,37.69
36.44,37.69,36.31,37.65
37.27,37.27,36.01,36.11
37.39,37.92,36.81,37.05
37.89,37.96,37.36,37.51
37.40,38.03,37.40,37.61
37.91,38.18,37.58,37.98
37.35,37.83,36.81,37.23
36.68,37.61,36.13,37.26
37.64,37.92,36.79,37.20
36.67,37.56,36.55,37.11
36.94,37.88,36.55,37.61
38.35,38.47,36.72,36.86
38.43,38.58,37.65,38.19
38.71,38.90,37.41,37.94
39.22,39.70,38.46,38.59
40.14,40.15,38.81,39.00
40.24,40.99,40.05,40.73
40.73,40.95,40.34,40.55
41.06,41.19,40.34,40.69
41.90,42.35,41.72,41.81
42.36,42.38,42.01,42.17
42.08,42.48,41.92,42.36
42.02,42.08,41.52,41.78
41.79,42.26,41.67,42.14
41.62,41.86,41.39,41.77
41.01,41.33,40.72,41.22
40.51,41.12,40.44,40.83
40.56,40.71,40.08,40.10
41.55,41.63,40.77,40.78
41.01,41.57,40.67,41.43
40.75,41.10,40.56,40.81
40.22,40.54,39.90,40.25
40.75,40.75,40.06,40.19
40.96,41.66,40.65,41.25
41.25,41.80,40.91,40.98
40.61,41.28,40.42,41.17
40.92,41.10,40.54,40.70
40.23,41.20,40.13,41.10
40.64,40.74,39.95,40.15
41.07,41.46,40.37,40.42
42.16,42.31,41.04,41.06
41.97,42.05,41.61,41.82
41.32,42.20,41.16,41.97
40.59,41.50,40.47,41.34
39.81,40.72,39.73,40.67
39.29,40.07,39.14,40.03
38.78,39.36,38.52,39.28
39.16,39.70,38.31,38.50
38.43,39.36,38.36,39.34
36.50,38.50,36.50,38.38
36.75,37.49,36.60,37.33
37.39,37.57,36.63,36.77
37.36,37.77,37.24,37.49
38.16,38.22,37.65,37.66
37.89,38.18,37.69,37.98
38.04,38.08,37.48,37.92
38.10,38.44,37.98,38.14
38.27,38.50,37.93,38.30
38.33,38.48,38.00,38.34
38.31,38.52,38.16,38.27
37.87,38.62,37.80,38.59
37.72,38.10,37.68,37.76
37.47,37.77,37.28,37.70
37.06,37.61,36.77,37.52
36.67,37.06,36.46,37.05
36.98,37.11,36.69,36.83
36.50,37.27,36.18,37.11
36.03,36.95,36.00,36.09
36.54,36.60,35.80,35.90
36.11,36.52,36.03,36.32
35.69,36.23,35.59,36.23
35.69,36.02,35.37,35.78
35.12,35.68,34.79,35.58
35.64,35.77,34.97,35.05
35.76,36.24,35.53,35.63
36.08,36.18,35.86,35.99
35.94,36.34,35.88,36.23
35.39,36.07,35.34,36.01
35.20,35.78,35.10,35.54
35.13,35.21,34.53,34.90
35.04,35.39,34.84,35.34
33.18,34.68,33.12,34.67
34.32,34.48,33.48,33.74
34.08,34.43,33.67,34.33
33.36,34.06,33.24,33.74
34.13,34.27,33.32,33.37
34.70,35.02,34.10,34.45
34.56,34.64,34.15,34.55
35.10,35.24,34.81,34.95
35.19,35.33,34.94,35.05
35.96,36.07,35.41,35.69
35.86,36.22,35.58,35.74
36.63,36.99,36.29,36.40
36.15,36.86,36.06,36.52
35.75,36.30,35.51,36.15
35.92,36.09,35.32,35.55
35.66,35.96,35.44,35.96
35.61,36.04,35.44,35.86
36.50,36.80,35.44,35.54
35.82,36.25,35.51,36.21
35.04,35.51,34.90,35.06
35.61,36.12,35.52,35.75
35.33,35.53,34.88,35.53
35.30,35.58,34.57,34.75
36.44,36.55,35.95,36.31
36.45,36.66,36.15,36.51
36.17,36.67,35.89,36.64
35.36,35.70,34.47,35.62
35.68,36.17,34.30,34.36
33.87,36.01,33.57,34.68
37.13,37.50,36.18,36.23
38.01,38.31,37.50,37.51
38.69,38.80,38.30,38.40
39.11,40.35,39.00,39.02
38.36,39.02,38.12,38.82
38.62,38.73,38.32,38.65
38.94,38.94,38.46,38.56
39.05,39.11,38.27,38.89
40.19,40.19,39.30,39.42
40.24,40.64,40.16,40.47
40.14,40.21,39.63,39.99
40.95,40.96,39.91,40.12
40.94,41.19,40.69,40.72
40.94,41.35,40.55,40.62
40.92,41.13,40.58,41.00
41.05,41.14,40.78,40.95
40.26,41.05,40.07,40.97
40.50,40.73,40.24,40.40
40.00,40.47,39.50,40.45
39.04,39.65,38.61,39.61
40.11,40.17,39.22,39.31
40.37,40.37,40.01,40.25
39.29,40.42,39.29,40.33
39.97,40.01,39.54,39.57
40.06,40.13,39.95,40.06
40.20,40.33,39.84,39.95
40.36,40.44,40.12,40.34
40.42,40.52,40.02,40.13
40.05,40.66,39.89,40.49
39.72,40.00,39.54,39.96
39.29,39.44,39.16,39.40
39.27,39.33,38.91,38.92
39.48,39.48,38.71,38.75
39.53,39.79,39.14,39.79
39.11,39.66,39.08,39.36
39.36,39.64,39.15,39.58
38.89,39.30,38.75,39.26
39.08,39.19,38.48,38.58
39.60,39.80,38.74,38.74
40.00,40.17,39.78,40.02
39.80,40.52,39.38,40.05
39.47,40.45,39.02,40.19
39.89,39.95,39.42,39.60
39.81,40.01,39.73,39.81
39.80,39.94,39.49,39.49
39.80,40.06,39.72,39.90
39.76,39.80,39.32,39.60
39.59,39.81,39.38,39.79
39.63,39.63,39.25,39.52
40.33,40.49,39.74,39.84
40.57,40.60,40.29,40.53
40.40,40.59,40.27,40.52
39.93,40.33,39.83,40.12
40.26,40.35,39.91,39.95
40.54,40.67,40.20,40.31
40.89,41.08,40.01,40.54
41.31,41.36,40.94,41.10
40.94,41.14,40.67,41.11
41.43,41.43,40.85,40.92
41.79,41.83,40.82,41.19
42.45,42.71,41.35,41.75
42.27,42.93,42.10,42.61
42.48,42.63,41.98,42.06
42.27,42.67,42.07,42.50
42.57,42.73,42.20,42.32
42.50,42.84,42.43,42.61
41.57,42.83,41.50,42.37
42.05,42.70,41.98,42.63
42.14,42.26,41.99,42.04
42.18,42.23,41.87,42.05
42.05,42.39,41.71,41.81
42.36,42.50,41.50,41.91
42.39,42.83,42.39,42.62
42.23,42.53,42.21,42.50
41.59,41.85,41.31,41.80
41.86,41.86,41.36,41.59
41.72,41.85,41.46,41.59
41.88,42.08,41.70,41.94
41.41,41.93,41.24,41.83
41.83,41.94,41.11,41.37
42.04,42.20,41.44,41.96
41.87,42.31,41.57,42.18
42.74,42.77,41.96,41.98
42.71,42.81,42.42,42.49
42.42,42.86,42.24,42.62
42.72,42.84,42.37,42.71
43.42,43.50,42.87,42.89
43.33,43.44,43.15,43.19
42.74,43.05,42.60,42.98
43.14,43.36,43.06,43.13
43.28,43.56,43.18,43.38
42.96,43.20,42.58,43.07
43.59,43.59,42.99,43.04
42.80,43.56,42.57,43.55
42.16,42.59,42.07,42.49
42.43,42.59,42.02,42.26
41.94,42.52,41.87,42.44
41.68,42.20,41.51,41.93
41.47,42.13,41.33,42.05
41.46,41.52,40.72,41.39
41.28,41.78,41.10,41.55
41.52,41.86,41.32,41.72
40.60,41.18,40.58,41.11
40.68,40.97,40.37,40.70
41.17,41.70,40.79,40.81
42.13,42.13,41.01,41.09
42.12,42.44,42.00,42.20
42.39,42.53,42.20,42.21
42.05,42.25,41.82,42.21
41.45,42.38,41.17,42.12
41.52,41.69,41.06,41.58
41.16,41.83,41.11,41.81
40.96,41.46,40.52,40.87
40.99,41.24,40.97,41.10
40.79,41.12,40.67,40.85
41.22,41.27,40.63,40.63
41.54,41.89,41.44,41.74
41.95,42.05,41.49,41.53
41.99,42.24,41.84,42.22
41.95,42.16,41.73,42.00
42.45,42.57,42.14,42.26
42.34,42.74,42.34,42.70
42.30,42.36,42.04,42.21
42.23,42.38,42.00,42.36
42.34,42.49,42.09,42.20
41.62,42.10,41.60,42.06
41.89,41.96,41.49,41.73
41.09,42.11,40.88,41.95
41.40,41.57,41.04,41.15
41.12,42.20,40.91,41.54
40.01,40.53,39.76,40.52
39.97,40.31,39.91,40.15
39.58,40.06,39.53,40.02
39.64,39.81,39.23,39.33
39.31,39.76,38.78,39.67
39.23,39.43,38.95,39.04
39.54,39.81,39.22,39.34
39.22,39.82,39.22,39.53
39.33,39.46,38.82,39.11
39.04,39.63,38.92,39.62
37.90,38.76,37.71,38.69
38.01,38.32,37.71,37.77
38.00,38.47,37.69,38.46
39.01,39.05,37.96,38.00
38.70,39.25,38.58,38.75
38.79,39.17,38.47,39.15
39.60,39.60,38.76,38.81
38.51,39.86,38.12,39.65
37.75,38.41,37.68,38.16
38.43,38.66,37.76,37.93
37.83,38.46,37.76,38.25
39.33,39.41,37.99,38.01
39.03,39.10,38.21,39.06
40.47,40.70,39.33,39.55
40.61,40.72,39.95,40.11
41.00,41.00,40.29,40.59
40.24,40.98,40.18,40.89
39.52,39.81,39.29,39.70
39.81,40.02,39.02,39.18
40.32,40.46,39.70,39.80
41.18,41.31,40.37,40.56
41.39,41.79,40.90,40.94
41.21,41.59,41.14,41.37
41.36,41.57,41.31,41.33
41.34,41.57,41.29,41.38
41.42,41.52,40.96,41.13
41.98,42.01,41.36,41.37
41.38,41.88,41.38,41.88
40.90,41.43,40.86,41.38
40.48,40.80,40.11,40.70
38.34,39.99,38.09,39.76
38.30,39.48,38.10,38.47
40.07,40.17,38.65,38.68
40.20,40.62,39.71,39.72
40.50,41.18,40.49,40.62
41.36,41.36,40.31,40.34
40.99,41.43,40.98,41.40
42.23,42.51,41.42,41.51
42.23,42.49,42.08,42.30
42.15,42.68,42.02,42.27
41.98,42.37,41.82,42.23
41.60,42.10,41.55,41.98
42.69,42.73,41.58,41.59
42.74,42.98,42.59,42.74
42.68,42.86,42.53,42.74
42.33,42.87,42.31,42.71
42.44,42.50,41.99,42.25
41.75,42.38,41.70,42.25
40.56,41.43,40.56,41.26
40.82,41.33,40.70,40.80
40.25,41.16,40.05,40.80
41.57,41.70,41.21,41.24
41.36,41.65,41.29,41.57
41.55,41.74,41.26,41.45
41.30,41.54,41.02,41.45
41.52,42.11,41.34,41.66
40.98,41.55,40.88,41.53
41.39,41.48,40.86,40.93
40.39,41.40,40.26,41.37
40.61,40.67,39.98,40.13
40.26,40.83,39.84,40.18
39.90,41.24,39.49,40.84
55.21,55.41,54.85,55.28
53.91,54.38,53.75,54.32
54.59,54.68,54.13,54.50
54.12,54.67,53.88,54.66
53.94,54.11,53.60,53.99
53.70,54.11,53.51,54.05
53.59,54.21,53.59,53.71
53.77,53.86,52.99,53.05
52.86,54.03,52.86,54.00
52.07,52.38,50.86,52.35
52.17,53.41,52.02,52.27
50.78,52.12,50.55,51.71
50.87,51.88,49.80,51.79
53.04,53.39,51.77,51.79
53.73,54.23,52.73,52.79
54.91,55.02,53.42,53.64
56.28,56.28,55.03,55.03
55.06,56.52,54.80,56.46
56.25,56.33,55.00,55.00
57.06,57.16,56.43,56.57
56.20,57.01,56.16,56.91
56.13,56.24,55.29,55.83
56.85,56.93,56.18,56.20
57.21,57.40,56.82,56.98
56.04,57.18,55.92,57.15
56.79,56.94,56.07,56.50
57.86,57.99,56.89,56.89
56.88,58.04,56.78,57.96
57.25,57.48,56.91,56.98
58.13,58.19,57.27,57.55
58.82,58.98,58.10,58.25
59.20,59.40,58.31,58.40
58.00,58.99,57.92,58.89
57.82,58.11,57.37,57.91
58.50,58.50,57.74,57.92
57.61,58.63,57.61,58.60
57.52,57.72,57.41,57.59
57.60,57.83,57.18,57.69
57.69,57.80,57.45,57.45
57.72,57.96,57.50,57.65
57.58,58.05,57.30,57.92
58.12,58.49,57.60,57.69
58.21,58.46,57.88,58.06
57.23,58.10,57.23,58.07
57.33,57.50,57.08,57.16
57.14,57.53,56.98,57.15
58.00,58.00,57.29,57.38
57.75,57.90,57.54,57.85
57.88,58.15,57.58,57.74
57.90,58.04,57.48,57.64
58.36,58.48,57.97,57.99
58.32,58.41,57.94,58.33
58.52,58.75,58.16,58.56
57.75,58.62,57.35,58.52
58.95,59.06,57.35,57.58
54.78,55.63,54.45,55.62
54.48,54.97,54.19,54.78
54.99,55.07,54.30,54.34
55.44,55.65,55.06,55.20
55.31,55.32,54.86,55.24
55.98,56.00,54.98,55.05
55.23,55.72,54.90,55.59
55.90,56.11,55.10,55.24
56.19,56.40,55.59,56.26
55.77,56.40,55.57,56.07
56.22,56.58,55.83,56.09
56.22,56.80,56.02,56.78
56.29,56.36,55.88,56.03
56.49,56.53,55.89,56.29
56.52,56.74,56.35,56.53
57.60,57.74,56.71,56.84
58.11,58.31,57.44,57.47
57.00,58.17,56.95,57.72
55.86,56.94,55.79,56.71
55.42,56.25,55.29,56.15
56.47,56.50,55.14,55.15
56.88,57.10,56.83,56.96
56.70,56.88,56.15,56.66
56.93,57.07,56.62,56.82
56.33,56.74,56.15,56.60
56.41,56.63,56.01,56.49
57.05,57.08,56.52,56.90
57.84,57.92,56.92,57.15
58.20,58.25,57.85,58.12
58.19,58.54,58.02,58.46
58.13,58.59,57.78,58.05
57.74,58.44,57.38,58.25
57.39,57.76,57.18,57.44
57.52,58.14,57.18,57.50
57.99,58.06,57.40,57.82
57.61,58.10,57.41,57.97
58.03,58.49,57.58,57.65
58.71,58.86,57.97,58.11
57.84,59.06,57.84,58.77
59.20,59.54,58.15,58.62
58.86,59.32,58.53,59.27
58.27,59.20,58.19,58.87
58.57,58.86,58.15,58.32
58.53,58.87,58.18,58.50
58.90,59.00,58.20,58.40
58.33,59.13,58.31,58.91
59.16,59.25,58.58,58.89
59.00,59.58,58.70,59.28
58.58,59.28,58.37,59.01
57.45,58.75,57.41,58.60
57.02,57.48,56.96,57.45
56.73,57.49,56.68,57.22
56.96,56.99,56.30,56.89
56.87,57.11,56.24,56.94
57.18,57.38,56.64,56.96
56.41,57.23,56.31,57.11
56.31,56.50,56.03,56.28
55.65,56.22,55.18,56.18
55.00,55.71,54.89,55.54
54.58,55.14,54.44,54.99
54.87,54.96,54.21,54.31
54.90,55.23,54.70,54.97
54.39,55.13,53.92,55.03
54.60,56.15,53.75,54.49
56.78,56.79,55.70,55.85
56.63,56.98,56.40,56.83
55.58,56.62,55.47,56.41
55.26,55.63,54.81,55.39
55.03,56.14,54.69,55.30
55.13,55.13,54.27,55.03
55.08,55.45,54.46,55.01
54.31,55.34,53.89,55.33
54.50,54.99,54.09,54.54
53.94,54.87,53.66,54.47
53.43,54.07,53.02,54.04
53.29,53.55,51.97,53.30
54.85,54.93,52.86,53.73
55.25,55.25,54.07,54.39
55.23,55.52,54.56,55.28
54.85,55.20,54.57,55.01
54.70,55.60,54.53,54.97
54.61,54.80,54.33,54.69
53.74,54.89,53.61,54.65
53.55,53.77,53.25,53.68
52.84,53.36,51.96,53.11
53.19,53.25,52.31,52.65
53.69,54.05,52.65,52.77
55.57,55.64,53.90,54.05
55.44,55.61,54.38,55.57
54.21,55.00,53.82,54.66
55.56,55.66,53.94,54.35
57.10,57.24,55.55,55.57
56.77,57.14,56.27,56.60
56.42,56.70,56.20,56.67
56.20,56.62,55.84,56.36
54.97,56.05,54.57,55.92
54.85,55.25,54.42,54.69
55.60,55.60,54.22,54.69
55.40,55.99,55.16,55.17
55.50,56.21,54.98,55.16
56.08,56.23,54.66,55.26
57.18,57.78,55.96,56.09
56.54,56.93,56.16,56.70
56.72,57.15,56.18,56.63
55.97,56.81,55.84,56.79
55.68,56.41,55.48,55.80
55.61,55.98,55.23,55.44
57.16,57.40,55.77,55.85
56.52,57.08,56.01,57.06
58.23,58.30,56.50,56.86
58.29,58.34,57.60,58.15
59.06,59.20,57.52,58.42
58.39,59.32,58.14,58.77
57.71,58.00,57.56,57.80
57.22,58.00,56.98,57.78
56.12,57.12,55.78,56.71
56.45,57.11,56.40,56.93
57.02,57.28,56.19,56.36
56.98,57.62,56.75,57.10
56.80,57.57,56.75,56.89
56.45,56.98,56.40,56.75
57.25,57.40,56.32,56.34
56.14,57.54,56.04,57.29
55.01,56.65,54.90,55.94
55.38,56.04,54.96,55.15
57.15,57.77,54.87,55.25
59.45,60.38,59.37,60.08
60.00,60.46,59.67,59.89
59.00,60.00,58.88,59.73
59.27,59.44,58.29,59.01
58.46,59.46,58.13,59.42
57.51,58.35,57.46,58.29
57.58,57.70,56.96,57.43
56.32,57.88,56.09,57.81
58.15,58.48,56.08,56.15
58.61,59.15,58.05,58.15
58.42,60.11,58.42,59.51
57.67,58.22,57.41,57.65
58.50,58.88,57.91,58.10
57.90,58.37,56.98,58.30
59.22,59.46,57.71,57.87
60.48,60.51,59.40,59.47
60.82,61.22,60.71,60.93
60.69,60.88,59.86,60.85
60.83,60.83,60.33,60.71
60.24,60.50,60.04,60.50
59.82,60.36,59.58,60.34
59.16,59.95,59.02,59.88
58.77,59.10,58.60,58.93
58.51,59.01,58.14,58.93
58.40,58.68,57.87,58.41
57.33,58.54,57.17,58.39
56.95,57.63,56.93,57.45
57.40,57.70,56.56,56.64
56.39,57.34,56.26,56.92
57.10,57.10,56.15,56.21
57.45,57.55,57.08,57.19
57.05,57.46,56.92,57.32
57.23,57.42,57.12,57.17
57.24,57.71,57.24,57.46
57.50,57.61,57.17,57.23
57.45,57.66,57.12,57.54
57.47,57.67,56.91,56.96
57.56,57.83,57.07,57.38
56.50,57.94,56.37,57.89
56.21,57.29,55.81,56.37
55.25,55.79,55.07,55.24
55.36,55.90,54.90,55.16
54.63,55.52,54.30,55.26
55.28,55.69,54.68,54.84
54.91,55.46,54.63,55.34
54.80,55.43,54.74,55.06
53.76,54.93,53.76,54.83
53.35,53.80,53.12,53.50
52.84,53.83,52.72,53.58
52.92,53.17,52.56,52.93
53.47,53.67,53.11,53.21
53.85,53.97,53.46,53.57
53.78,54.00,53.64,53.81
53.26,53.93,53.23,53.65
54.11,54.13,53.02,53.11
54.10,54.34,53.75,53.85
53.80,54.55,53.70,54.10
53.83,54.26,53.46,53.53
53.67,54.19,53.55,53.82
54.45,54.98,53.67,54.05
54.03,55.74,53.69,54.93
51.20,51.20,50.36,50.54
50.89,51.30,50.66,51.20
51.20,51.40,50.76,51.20
50.63,51.41,50.52,51.30
50.14,50.94,50.01,50.78
51.08,51.20,49.84,50.05
51.19,51.32,50.80,51.04
51.18,51.36,50.85,51.21
51.39,51.46,50.95,51.21
50.92,51.58,50.84,51.10
51.15,51.33,50.45,50.76
51.76,51.82,50.86,51.15
51.52,51.90,51.23,51.70
51.79,51.98,51.12,51.49
51.34,51.91,51.09,51.87
50.67,51.22,50.67,51.12
50.76,50.88,50.30,50.65
52.10,52.20,50.84,51.02
53.04,53.14,51.90,51.99
52.93,53.24,52.63,52.99
51.25,52.70,51.13,52.65
51.22,51.99,50.94,51.56
51.08,51.19,50.60,50.88
51.20,51.43,50.51,51.36
50.88,51.67,50.66,51.46
50.29,51.20,50.29,50.99
50.23,50.38,49.39,49.95
51.18,51.33,49.89,50.13
51.34,51.59,51.07,51.13
51.17,51.86,51.07,51.78
51.56,51.57,50.91,51.06
51.59,51.71,51.15,51.57
50.70,52.08,50.70,51.90
51.02,51.62,50.75,51.25
51.84,52.10,51.40,51.63
51.96,52.12,51.46,52.09
51.59,52.13,51.44,51.83
51.61,51.92,51.20,51.60
51.91,52.24,51.38,51.67
51.04,52.39,50.98,52.15
52.92,53.47,50.75,50.98
48.77,49.35,48.29,49.32
48.73,49.32,48.62,48.87
49.06,49.18,48.58,48.74
48.60,48.62,48.23,48.46
48.90,48.94,48.49,48.62
48.60,49.02,48.22,48.96
48.04,48.67,48.04,48.55
47.59,48.05,47.29,47.95
47.71,47.79,47.13,47.43
47.82,48.09,47.58,47.68
46.93,47.96,46.74,47.87
47.04,47.51,46.62,46.93
46.89,46.98,46.37,46.64
46.63,47.03,46.42,46.80
46.88,46.97,46.51,46.74
47.08,47.39,46.80,46.97
47.64,48.20,47.39,47.60
47.96,48.00,47.54,47.68
46.89,48.33,46.80,47.97
46.93,47.24,46.64,46.89
46.43,47.27,46.17,47.03
46.63,46.94,46.42,46.44
46.81,47.22,46.52,46.79
47.59,48.17,46.85,46.96
46.77,47.00,46.37,46.51
46.45,46.98,46.24,46.92
45.89,46.51,45.72,46.45
45.85,46.46,45.81,46.22
46.50,46.55,45.64,45.85
45.88,46.46,45.62,46.28
45.93,46.22,45.61,46.08
46.26,46.40,45.80,45.94
46.06,46.51,45.99,46.38
45.51,46.20,45.32,46.04
45.04,45.30,44.66,44.73
45.55,45.60,44.82,44.85
45.59,45.70,44.98,45.34
46.31,46.56,45.43,45.60
46.62,46.90,46.39,46.66
46.67,46.81,46.50,46.76
46.31,46.84,46.31,46.47
46.23,46.85,46.10,46.80
45.83,46.28,45.69,46.20
45.66,46.05,45.55,45.90
45.95,46.10,45.57,45.61
46.09,46.47,45.78,45.91
45.70,46.28,45.68,46.11
45.78,45.95,45.58,45.75
45.69,45.98,45.43,45.72
44.64,45.65,44.51,45.31
44.60,44.96,44.34,44.60
44.38,44.67,44.12,44.36
43.46,44.30,43.40,44.23
42.82,43.46,42.72,43.17
43.50,43.89,42.95,43.09
43.05,43.77,42.91,43.59
43.00,43.30,42.73,42.76
42.56,43.29,42.52,43.08
43.10,43.29,42.28,42.34
42.01,42.82,42.01,42.48
42.44,42.75,42.07,42.31
42.60,43.23,42.37,42.98
43.11,43.11,41.85,42.32
44.74,44.88,43.50,43.52
44.38,44.81,44.27,44.80
44.38,44.87,44.18,44.38
44.34,44.57,43.85,44.00
43.87,44.56,43.66,44.49
44.78,44.83,43.80,43.92
44.22,44.63,44.00,44.40
45.35,45.35,44.48,44.73
45.16,45.92,44.94,45.15
44.50,45.01,44.21,45.01
45.32,45.38,44.50,44.53
46.18,46.45,45.38,45.42
45.65,45.84,45.04,45.51
45.91,46.47,45.43,45.45
46.21,47.05,46.01,46.05
45.98,46.35,45.40,46.05
46.09,46.94,46.09,46.43
45.36,45.69,45.25,45.59
45.70,45.93,45.20,45.74
46.72,47.47,46.07,46.24
46.30,46.96,46.21,46.75
45.48,47.45,45.39,46.34
45.02,45.83,44.99,45.56
45.43,45.84,44.97,44.99
44.90,46.49,44.89,45.68
42.98,44.06,42.88,43.97
43.43,43.56,42.72,43.04
43.12,43.85,43.04,43.63
42.97,43.20,42.63,43.16
42.40,42.95,42.30,42.94
42.18,42.41,41.90,42.40
41.44,42.12,41.39,42.00
41.93,42.55,41.54,41.55
41.49,41.72,41.24,41.48
41.42,41.74,41.26,41.31
41.20,41.66,40.95,41.44
41.64,41.68,41.05,41.46
42.44,42.57,40.69,41.30
43.05,43.25,42.66,42.73
42.72,43.04,42.37,42.85
42.21,42.84,42.13,42.61
42.03,42.25,41.34,41.85
41.89,42.22,41.65,42.00
41.77,42.25,41.48,41.83
43.08,43.11,41.93,42.19
43.46,43.75,42.84,43.39
44.50,44.54,42.94,43.04
43.54,44.78,43.43,44.75
42.35,43.93,42.33,43.86
41.73,42.37,41.66,42.26
41.73,42.13,41.53,41.65
41.49,41.74,41.17,41.66
40.73,41.85,40.67,41.54
40.54,41.47,40.54,41.41
40.63,40.99,40.32,40.52
41.12,41.36,40.59,40.66
41.83,41.98,40.79,40.93
42.08,42.08,41.50,41.97
41.40,42.19,41.21,42.09
41.40,41.82,41.32,41.82
41.49,41.65,40.79,41.13
41.79,41.79,40.91,41.25
42.45,42.76,41.63,41.65
42.25,42.78,42.22,42.70
42.68,42.82,41.59,42.00
42.46,42.70,42.18,42.55
43.10,43.22,42.88,43.01
43.03,43.38,43.00,43.32
42.56,43.05,42.40,43.00
42.80,43.00,42.59,42.62
42.99,43.01,41.73,42.81
43.50,43.52,43.02,43.03
43.30,43.48,42.81,43.25
43.00,43.52,42.90,43.24
42.35,43.19,42.34,42.66
41.75,42.18,41.52,42.03
41.18,41.98,40.73,41.93
41.78,42.06,41.45,41.48
40.99,41.90,40.83,41.73
40.62,41.29,40.19,40.97
42.09,42.22,41.29,41.29
41.83,42.07,41.58,41.80
42.14,42.14,41.47,41.63
42.84,42.85,42.22,42.24
42.21,43.12,42.21,43.01
43.48,44.24,42.21,42.25
44.72,44.78,44.36,44.58
44.81,45.24,44.68,44.75
44.81,44.95,44.50,44.62
45.17,45.18,44.45,44.60
45.07,45.35,45.00,45.08
44.90,45.06,44.43,45.01
44.72,45.13,44.51,45.09
44.56,45.06,44.35,45.00
44.80,44.97,43.88,44.26
45.08,45.66,44.54,45.29
44.35,44.87,44.31,44.78
44.58,44.89,44.17,44.40
44.96,44.98,44.50,44.64
45.19,45.42,44.92,45.18
44.73,45.55,44.67,45.29
44.56,45.20,44.43,44.66
44.54,44.62,44.12,44.30
43.96,44.65,43.85,44.64
44.05,44.16,43.59,44.15
43.64,44.43,43.52,43.87
43.15,43.24,42.87,43.05
43.15,43.38,42.83,43.24
43.43,43.54,42.89,43.54
43.66,43.99,43.36,43.43
43.64,44.12,43.33,43.67
43.00,43.45,42.69,43.35
42.47,42.78,42.10,42.21
42.60,42.80,42.38,42.55
42.14,42.95,41.86,42.86
41.94,42.14,41.58,42.03
42.17,42.17,41.15,41.88
39.69,40.96,39.64,40.94
40.22,40.39,39.80,39.83
40.82,40.89,40.01,40.64
41.11,41.23,40.77,40.89
40.89,41.17,40.78,41.07
40.68,41.05,39.66,41.05
40.58,41.39,40.42,41.36
41.48,41.50,40.58,40.59
40.76,41.74,40.65,41.39
39.98,40.79,39.77,40.74
39.72,40.27,39.70,39.85
40.39,40.42,39.64,39.80
39.80,40.84,39.70,40.51
38.75,39.94,38.73,39.70
37.80,38.65,37.71,38.56
38.50,38.51,37.78,37.81
38.54,38.75,38.12,38.32
38.14,38.95,38.09,38.66
37.95,38.22,37.69,38.13
38.60,38.90,37.88,37.92
38.37,38.48,37.99,38.29
38.09,38.58,38.01,38.34
37.12,38.02,36.93,37.97
37.36,37.65,36.98,37.34
36.69,37.47,36.59,37.47
36.16,36.91,36.01,36.88
36.32,36.47,35.64,35.84
35.94,36.92,35.80,36.28
37.01,37.98,37.01,37.51
35.79,35.85,35.45,35.81
36.14,36.64,35.69,35.75
36.42,36.75,36.10,36.14
36.66,36.85,36.29,36.33
37.06,37.15,36.75,36.82
36.63,37.15,36.56,36.91
37.58,37.65,36.84,36.88
37.78,37.92,37.24,37.58
37.63,38.48,37.55,38.28
37.00,37.71,36.85,37.61
37.37,37.37,36.73,37.00
36.04,37.15,35.95,37.10
36.00,36.35,35.86,35.99
36.17,36.30,35.70,35.94
36.19,36.22,35.75,36.11
35.64,35.97,35.44,35.85
35.38,35.73,35.38,35.51
35.66,36.10,35.53,36.00
36.47,36.48,35.64,35.75
37.59,37.60,36.45,36.64
37.99,38.25,37.70,38.06
37.47,37.98,37.45,37.91
37.32,37.65,36.99,37.18
37.69,37.78,37.12,37.22
37.77,38.18,37.63,37.63
38.18,38.24,37.22,37.41
38.66,39.12,38.13,38.15
38.59,38.91,38.50,38.66
39.45,39.58,38.71,38.86
39.22,39.64,38.86,39.20
39.00,39.30,38.62,38.98
39.08,39.39,38.54,38.87
38.50,39.52,38.38,38.86
38.48,38.62,37.80,38.45
38.49,38.83,38.24,38.58
38.48,38.48,37.88,38.27
38.86,38.93,38.31,38.32
38.87,39.00,38.37,38.69
39.53,39.82,39.00,39.00
39.55,39.75,38.77,39.23
39.53,40.01,39.36,39.88
39.56,39.86,39.45,39.55
39.46,39.82,39.24,39.63
38.44,40.14,38.40,39.73
37.46,38.48,37.18,38.38
37.92,38.22,37.49,37.49
38.24,38.28,37.83,37.83
38.32,38.73,38.04,38.26
37.48,38.58,37.27,38.42
37.11,37.54,36.71,37.48
37.06,37.20,36.62,36.74
36.94,37.48,36.71,37.05
37.33,37.50,36.86,37.16
36.96,37.23,36.91,37.04
37.07,37.31,36.93,37.16
37.38,37.46,36.90,36.95
37.82,37.82,37.29,37.44
37.26,38.01,37.20,37.85
37.23,37.56,37.07,37.47
37.05,37.48,36.79,37.46
36.90,37.21,36.66,37.13
37.02,37.18,36.55,36.68
37.23,37.29,36.81,37.22
37.50,38.17,36.76,37.15
40.33,40.84,39.80,40.48
40.62,40.95,40.25,40.49
40.27,40.70,40.15,40.38
40.43,40.55,39.83,40.53
40.56,40.96,40.44,40.80
40.29,40.74,40.11,40.66
39.35,40.57,39.25,40.25
39.73,39.90,39.20,39.23
38.54,39.48,38.51,39.11
37.90,38.23,37.05,37.75
38.73,38.73,37.92,38.18
38.03,38.71,38.02,38.29
37.92,38.30,37.69,38.18
36.85,38.14,36.69,37.94
36.94,37.50,36.40,36.61
35.92,36.54,35.76,36.14
36.60,36.67,35.32,35.61
36.82,36.86,36.27,36.69
38.21,38.21,37.44,37.56
38.16,38.60,37.96,38.46
37.13,38.79,37.13,38.36
36.88,37.41,36.50,37.34
36.82,37.09,36.58,36.83
36.55,37.44,36.36,37.04
36.89,36.91,36.25,36.52
37.45,37.62,36.82,37.19
38.17,38.59,37.11,37.49
37.95,38.26,37.40,37.62
38.80,38.83,37.58,37.97
39.26,39.84,39.00,39.37
38.82,39.73,38.82,39.54
39.53,39.61,38.50,38.91
38.35,39.30,38.35,39.24
38.05,38.14,37.18,37.72
38.44,38.68,38.15,38.35
38.00,38.25,37.62,37.99
38.44,38.55,37.38,37.66
39.48,39.57,38.37,39.03
40.69,41.08,39.03,39.12
41.18,41.45,40.26,40.64
40.47,41.32,40.39,41.15
39.85,40.19,39.46,40.15
39.67,40.05,39.47,40.01
39.09,39.66,38.87,39.35
39.20,39.83,38.82,39.00
38.94,39.52,38.55,39.47
40.05,40.15,38.92,38.98
39.62,39.85,39.43,39.60
40.55,40.56,39.72,39.96
38.73,39.77,38.38,39.77
37.61,38.59,37.41,38.29
38.35,38.63,36.96,37.84
39.20,39.44,38.06,38.22
41.46,41.62,40.27,40.66
41.64,41.64,40.80,41.35
41.47,42.25,41.43,42.18
41.02,41.46,40.79,41.01
40.84,41.15,40.45,41.02
40.03,41.02,39.39,40.77
40.06,41.20,39.62,40.49
38.83,40.12,38.80,39.99
40.00,40.23,38.62,38.73
41.90,41.91,39.62,39.63
40.67,41.00,39.70,39.76
40.91,41.57,40.41,40.51
38.87,39.44,38.44,38.90
39.53,40.29,39.40,39.45
40.61,40.90,39.68,39.74
39.66,40.38,39.50,39.93
40.65,40.72,39.52,40.27
40.67,41.09,40.27,40.86
42.15,42.29,40.96,41.01
43.15,43.15,42.15,42.21
42.70,43.10,42.30,43.04
42.03,43.27,41.80,42.97
42.51,42.74,41.98,42.18
42.20,42.67,41.56,42.56
41.12,42.07,41.09,41.99
40.30,41.48,40.30,41.18
40.38,40.47,39.15,39.80
41.36,41.40,40.56,41.27
42.17,42.88,42.04,42.10
42.41,42.59,41.56,41.92
42.29,42.59,42.01,42.32
42.40,42.76,42.33,42.65
42.59,42.73,41.80,41.99
43.21,43.31,42.18,42.24
42.62,43.68,42.50,43.53
42.97,43.06,42.40,42.47
43.50,43.74,41.95,42.30
44.13,44.13,43.54,43.55
43.66,44.98,43.56,44.77
44.34,44.45,43.35,43.74
44.74,45.15,44.46,44.83
44.51,45.11,44.22,44.87
44.76,44.86,44.00,44.51
44.10,44.53,43.95,44.46
45.42,45.47,44.09,44.59
45.05,46.28,44.99,45.67
44.87,45.12,44.63,45.05
43.57,44.30,43.15,44.30
43.99,43.99,43.22,43.71
44.89,45.12,44.40,44.72
45.09,45.15,44.50,44.83
45.45,45.70,45.16,45.36
45.93,46.00,45.35,45.62
45.10,45.92,44.85,45.86
45.14,45.23,44.66,44.97
43.96,45.17,43.76,45.11
44.44,44.66,43.38,43.62
44.24,45.07,44.24,44.55
43.90,44.62,43.16,44.28
42.47,43.67,42.33,43.46
42.29,42.53,41.89,42.28
43.60,43.71,42.55,42.78
44.17,44.40,43.44,43.72
43.74,44.28,43.50,44.16
43.80,44.29,43.38,43.62
43.50,43.71,43.18,43.63
42.71,43.58,42.45,43.35
43.53,44.00,42.97,43.02
42.73,43.64,42.50,43.41
42.55,43.29,42.34,42.72
43.27,43.38,42.42,42.61
44.04,44.14,42.98,43.14
43.00,43.95,41.76,43.83
44.50,44.50,43.43,43.64
43.74,44.25,43.34,43.78
44.69,44.70,43.52,43.84
44.24,44.27,43.51,44.14
45.00,45.35,44.30,45.09
44.70,45.05,44.41,44.97
44.76,44.88,44.22,44.60
44.74,44.92,44.31,44.66
44.40,45.30,44.21,45.28
44.21,44.50,43.66,43.72
43.08,44.42,42.97,44.19
43.33,43.54,42.31,42.47
41.93,43.19,41.72,43.16
42.38,42.95,42.27,42.68
44.27,44.85,42.48,42.66
42.87,44.21,42.30,44.05
40.92,42.99,40.80,42.60
40.88,41.21,40.53,41.00
41.77,41.90,40.68,41.00
41.37,42.31,41.11,41.85
40.00,41.33,39.85,41.27
39.76,40.39,39.70,39.99
39.06,39.21,38.50,39.06
39.14,39.58,38.36,39.52
38.88,39.30,38.53,38.92
38.82,39.42,38.61,39.10
37.62,38.42,37.47,38.38
37.09,37.56,36.80,37.40
35.88,37.32,35.72,37.00
36.15,36.36,35.59,36.19
35.84,36.99,35.74,36.48
34.93,35.51,34.82,34.93
34.14,35.13,34.03,35.06
35.25,35.35,34.02,34.11
35.19,35.57,35.16,35.25
34.84,35.38,34.69,35.36
33.91,35.04,33.91,34.84
34.43,34.65,33.85,34.36
33.99,34.78,33.94,34.58
33.63,33.95,33.14,33.23
33.73,34.24,33.26,33.46
33.53,33.78,33.19,33.45
33.00,33.45,32.51,32.93
34.06,34.40,32.96,33.15
34.81,34.92,33.34,33.73
34.85,35.48,34.45,35.33
36.23,36.39,34.32,34.42
36.67,37.00,35.61,36.66
37.13,37.35,36.48,36.98
37.53,37.88,36.77,37.06
38.39,38.58,36.67,36.76
37.30,38.38,37.05,37.82
36.58,37.69,36.53,37.50
35.37,35.64,34.85,35.02
35.13,35.88,34.72,35.16
33.42,34.38,33.22,33.83
35.01,35.12,33.60,33.60
35.62,36.12,35.04,35.58
35.81,36.00,34.88,35.79
37.50,37.50,36.61,36.81
38.34,38.56,36.90,37.21
37.34,39.39,37.19,38.58
37.96,38.57,37.21,38.25
37.13,37.81,37.00,37.55
37.60,38.20,37.21,37.46
36.90,37.49,36.38,36.86
37.41,37.64,35.69,36.07
38.02,38.79,37.55,38.75
36.80,37.85,36.45,37.74
36.57,37.06,35.82,36.91
36.81,37.45,36.04,37.13
35.82,36.55,35.50,36.16
35.24,36.06,34.66,35.29
39.85,39.97,37.07,37.07
39.84,41.05,39.70,40.89
37.80,40.40,37.06,37.84
35.98,36.06,34.83,35.79
36.95,37.39,35.82,35.93
35.59,37.73,35.44,37.54
34.28,35.44,34.21,35.27
33.13,33.85,32.48,33.73
33.31,33.82,32.84,32.99
33.03,33.72,32.14,33.48
33.02,33.46,32.76,33.07
33.16,33.55,33.02,33.34
33.33,33.41,31.89,32.47
34.21,34.58,33.40,33.78
32.87,34.11,32.56,33.93
32.14,33.45,32.02,33.31
32.30,32.64,30.43,31.37
31.97,33.56,31.45,33.54
31.13,32.17,30.70,32.12
28.87,31.03,28.67,31.01
30.90,31.04,29.38,29.40
31.83,32.16,31.05,31.25
32.50,32.89,31.36,32.52
33.65,33.70,31.58,31.64
33.41,34.56,33.15,33.56
32.04,32.52,31.37,32.39
31.00,32.22,30.83,31.68
31.09,31.59,30.73,31.29
35.09,35.10,32.19,32.25
35.35,36.50,35.04,35.05
35.41,35.41,33.92,34.96
37.19,37.41,35.72,36.36
37.12,37.23,36.08,37.04
35.12,37.24,34.63,36.58
33.52,35.00,33.39,34.78
32.68,33.54,32.08,33.41
33.65,34.53,33.04,33.36
35.41,35.51,33.89,34.14
34.43,35.90,34.42,35.69
32.79,34.04,32.15,33.92
34.90,35.08,33.98,34.40
36.80,37.35,35.67,35.84
36.76,38.06,36.45,36.87
36.48,37.08,35.88,36.62
35.44,36.86,35.25,36.72
32.64,34.95,32.11,34.87
33.43,33.88,32.56,33.03
31.86,33.13,31.56,33.08
30.73,32.24,30.22,31.86
31.99,32.20,30.42,30.50
31.74,32.76,31.03,31.08
34.59,34.61,32.00,32.23
36.87,37.25,35.18,35.80
36.97,38.13,36.03,36.63
36.72,37.57,36.44,37.50
34.95,36.94,34.41,36.21
32.12,34.98,31.86,34.51
33.32,33.75,31.78,31.85
33.27,34.24,32.10,34.21
35.45,35.93,32.36,32.56
37.60,37.99,35.37,36.59
38.83,38.83,36.86,36.91
39.08,39.32,37.90,39.20
40.35,41.14,38.92,38.94
42.62,42.78,40.48,40.79
41.54,42.88,41.29,42.16
42.37,42.78,41.88,42.18
44.44,44.44,42.30,42.46
45.83,46.06,44.62,44.84
46.19,46.72,46.10,46.40
46.95,47.14,46.52,46.89
47.14,47.30,46.50,46.92
46.95,47.04,46.23,46.92
45.76,47.08,45.71,46.94
46.71,46.76,44.81,45.46
47.61,47.61,46.57,47.08
48.27,48.27,47.04,47.33
48.25,48.69,47.20,48.14
48.59,48.65,47.60,48.07
49.45,49.90,48.93,49.09
51.05,51.76,48.76,50.23
52.43,52.62,51.56,52.38
51.51,51.88,51.26,51.82
51.93,52.00,51.29,51.66
51.23,52.13,50.93,52.00
50.54,51.99,50.50,51.11
50.79,51.14,50.36,50.59
49.03,50.71,48.75,50.48
48.35,49.15,47.85,48.85
49.32,49.33,48.35,48.49
48.18,49.48,47.44,49.38
49.57,49.84,48.93,48.95
48.70,50.32,48.67,49.82
47.09,48.53,46.82,48.38
47.68,48.06,47.30,47.43
47.25,47.76,46.38,47.06
48.46,48.46,47.24,47.37
48.35,49.89,48.21,48.97
48.26,48.40,47.10,47.53
48.45,48.94,48.13,48.19
47.84,49.13,47.71,48.71
47.52,48.07,47.33,47.74
47.51,48.05,47.14,47.70
47.25,47.50,46.99,47.06
47.39,47.95,46.83,47.43
48.17,48.63,47.86,48.18
49.79,49.79,47.88,48.00
49.69,50.03,49.22,49.87
49.40,49.75,49.17,49.60
48.72,49.60,48.62,49.39
48.26,49.32,48.13,49.02
49.24,49.24,48.39,48.69
49.81,49.81,48.50,49.10
51.15,51.21,50.43,50.70
51.94,51.98,51.05,51.16
51.13,51.84,51.00,51.73
51.70,51.91,50.81,51.17
52.19,53.00,52.07,52.32
54.07,55.33,51.72,52.58
49.84,50.59,49.39,50.33
50.51,50.65,49.66,50.03
50.10,50.74,49.58,50.67
49.85,50.03,49.46,49.88
49.99,50.53,49.25,49.73
49.37,49.95,49.02,49.17
50.56,50.71,49.14,49.50
50.48,50.68,50.10,50.60
50.25,50.76,50.02,50.44
50.30,50.68,49.83,49.91
49.84,50.54,49.65,50.32
49.46,50.11,49.22,50.03
48.43,50.24,48.42,49.40
49.09,49.18,47.97,48.18
48.93,49.40,48.78,49.34
47.48,48.83,47.41,48.64
46.71,46.80,46.30,46.74
46.85,46.85,45.32,46.58
46.61,47.98,46.33,47.50
46.27,46.72,45.61,46.63
45.21,46.73,45.20,46.59
44.74,45.40,44.28,44.94
44.80,45.36,44.65,44.99
45.19,45.67,44.77,44.89
45.23,45.44,44.26,44.87
45.51,45.70,44.72,45.29
44.75,45.50,44.61,45.34
45.07,45.41,44.36,44.83
44.88,45.48,44.78,45.14
44.92,45.02,44.46,44.78
44.79,45.16,44.65,45.09
43.94,44.62,43.51,44.56
44.24,44.67,43.87,43.96
44.01,44.50,43.73,44.04
44.00,44.11,43.44,43.91
42.95,43.85,42.75,43.67
43.91,43.95,42.75,43.19
43.52,44.37,43.47,43.95
43.13,43.68,42.68,42.94
43.13,43.48,41.90,42.45
43.59,43.76,41.86,42.33
43.35,44.17,42.58,43.82
45.09,45.41,44.11,44.84
45.07,45.50,43.90,45.34
45.36,45.71,44.72,44.88
45.65,46.05,44.60,46.05
46.01,46.21,45.68,45.97
46.26,46.80,45.38,45.87
43.35,46.81,43.35,46.75
42.12,43.14,42.12,42.82
40.57,41.57,40.36,41.46
41.98,42.49,40.65,40.68
42.43,42.65,41.36,42.08
41.20,42.41,41.13,42.36
40.34,41.55,40.18,41.15
42.56,42.75,39.94,40.45
43.27,43.75,42.39,42.49
43.85,44.29,43.65,43.92
43.38,44.00,43.02,43.92
42.90,43.60,42.70,43.57
44.79,45.00,42.64,42.65
45.00,45.42,44.72,44.79
43.77,45.15,43.65,45.02
43.22,44.01,42.57,44.00
44.01,44.17,43.16,43.43
44.65,44.71,43.83,44.17
43.45,44.66,43.37,44.44
41.11,43.13,40.94,42.99
40.93,41.18,40.23,40.99
41.75,41.91,40.82,41.23
42.07,42.70,41.93,42.05
41.21,41.83,40.89,41.83
42.50,42.52,40.88,40.98
42.77,43.09,42.37,42.45
42.82,42.97,42.04,42.57
42.77,43.52,42.28,42.69
42.18,42.79,42.07,42.77
42.50,43.26,42.03,42.11
41.95,42.58,41.46,42.29
44.22,44.29,42.27,42.43
43.37,44.45,43.32,44.35
42.79,43.37,42.76,43.26
42.88,43.23,42.87,42.97
43.20,43.41,42.96,43.13
42.52,43.31,42.38,42.94
41.41,42.72,41.30,42.22
41.52,41.80,41.04,41.62
41.37,41.84,41.20,41.48
41.26,41.73,41.00,41.40
41.99,42.10,41.18,41.49
41.56,42.14,41.41,41.88
41.43,41.70,41.24,41.43
41.64,41.85,41.45,41.59
41.54,42.02,41.51,41.69
41.93,42.08,41.39,41.51
40.89,42.06,40.89,41.92
40.91,41.32,40.91,41.07
40.66,41.06,40.39,41.06
40.65,41.06,40.52,40.83
40.10,40.67,39.46,40.63
39.76,40.99,39.59,40.54
38.61,39.77,38.48,39.74
39.01,39.19,38.46,38.48
38.80,39.23,38.78,38.90
38.54,39.09,38.33,38.70
38.00,38.90,38.00,38.54
37.85,38.06,37.77,38.05
37.59,37.76,37.14,37.66
37.59,37.88,37.50,37.58
37.30,37.40,37.05,37.13
36.50,37.59,36.48,37.48
35.98,36.84,35.89,36.72
35.65,36.15,35.61,36.12
35.23,35.40,34.99,35.02
35.95,36.01,35.31,35.65
35.96,36.44,35.77,36.35
35.62,36.43,35.54,36.34
35.86,35.86,35.12,35.43
36.15,36.57,35.80,36.28
36.17,36.47,35.78,36.46
35.64,36.40,35.52,36.23
35.00,35.35,34.84,35.21
35.81,35.85,34.80,35.04
36.54,36.62,35.77,36.20
35.90,37.55,35.51,36.36
34.80,35.80,34.48,35.73
35.46,35.66,34.89,35.26
36.18,36.18,35.24,35.48
36.15,36.38,35.84,36.18
35.97,36.40,35.85,36.38
35.50,36.04,35.41,35.99
35.18,35.28,34.56,35.11
34.98,35.19,34.78,35.06
34.94,35.12,34.38,34.75
34.82,35.01,34.62,34.80
35.13,35.33,34.42,34.92
34.48,34.76,34.17,34.59
34.63,35.00,34.40,34.80
35.03,35.16,34.75,34.90
34.74,34.92,34.52,34.75
34.79,35.00,34.42,34.75
34.14,34.85,34.09,34.66
34.13,34.46,33.56,34.02
34.49,34.77,34.13,34.66
34.60,34.74,34.08,34.48
34.28,34.35,34.03,34.23
33.95,34.48,33.90,34.31
33.61,33.92,33.29,33.68
33.77,33.97,33.55,33.75
33.21,33.92,32.99,33.80
32.93,33.52,32.84,33.20
33.02,33.12,32.29,32.67
32.95,33.39,32.86,33.04
33.56,33.61,32.38,32.59
33.69,34.28,33.39,33.73
32.77,33.54,32.64,33.37
32.10,32.66,32.10,32.58
31.96,32.44,31.71,32.34
32.07,32.14,31.68,32.00
30.97,32.16,30.97,32.09
30.49,30.91,30.35,30.56
30.98,31.34,30.75,30.76
30.98,31.30,30.79,31.15
30.78,31.14,30.57,31.03
30.32,30.93,30.21,30.55
29.34,30.20,29.26,30.04
29.15,29.61,28.75,29.41
29.02,29.36,28.65,29.17
29.23,29.46,28.94,29.13
28.95,29.18,28.72,28.91
29.25,29.39,28.92,28.93
29.08,29.24,28.79,28.84
29.69,29.71,28.95,28.99
29.49,29.99,29.49,29.85
28.47,29.25,28.35,29.21
27.45,28.45,27.43,28.29
27.57,27.60,26.75,26.97
27.77,28.18,27.68,27.68
27.69,28.05,27.03,27.96
27.88,28.13,27.49,27.51
27.14,27.83,26.68,27.69
27.52,27.67,27.09,27.36
28.74,28.79,27.92,27.96
28.26,28.66,27.99,28.56
29.25,29.26,28.22,28.54
29.33,29.66,29.07,29.44
28.75,29.53,28.42,29.28
27.11,27.68,27.00,27.16
27.39,27.85,27.30,27.35
27.65,27.78,27.41,27.53
28.86,28.90,27.98,28.22
29.44,29.68,29.13,29.46
28.92,29.87,28.87,29.82
28.18,28.75,28.07,28.73
28.03,28.63,27.96,28.46
27.86,28.35,27.75,28.29
28.61,28.73,27.80,27.84
28.35,28.97,28.20,28.82
27.78,28.17,27.66,27.93
28.97,29.15,27.78,28.15
28.79,29.27,28.74,28.78
29.73,29.73,28.81,28.87
29.22,29.67,29.11,29.64
28.56,29.41,28.45,29.30
27.95,28.87,27.95,28.72
27.68,28.20,27.41,27.58
27.03,27.55,26.74,27.52
27.29,27.71,27.07,27.54
28.20,28.29,26.97,27.03
28.62,28.73,28.13,28.40
28.62,29.25,28.58,28.69
28.47,28.95,28.42,28.75
28.51,28.72,28.03,28.20
28.88,28.95,28.45,28.65
28.77,28.95,28.38,28.81
27.79,28.64,27.72,28.57
28.35,28.57,27.53,27.75
28.36,28.39,27.59,27.79
28.50,28.61,27.44,28.28
29.16,29.49,28.32,28.43
30.03,30.19,28.99,29.21
30.63,30.86,30.29,30.58
30.92,31.03,30.44,30.69
31.73,31.92,30.64,30.76
32.08,32.33,31.48,31.97
32.41,32.92,31.99,32.02
33.06,33.37,32.22,32.43
32.55,32.94,32.40,32.61
32.80,32.80,32.02,32.47
31.99,32.78,31.79,32.63
31.80,32.22,31.55,32.20
31.14,32.00,30.96,31.46
30.05,30.78,30.05,30.73
30.02,30.48,29.77,30.45
29.98,30.47,29.40,29.52
30.18,30.37,29.31,29.84
30.53,30.69,30.07,30.10
31.61,31.71,30.21,30.34
32.34,32.55,31.95,32.40
31.70,32.22,31.26,32.22
32.09,32.37,31.42,31.48
32.76,32.85,32.16,32.36
32.21,32.78,32.11,32.75
31.51,32.25,31.37,31.49
30.50,31.25,29.97,31.24
31.24,31.62,30.98,31.40
30.32,31.79,30.18,31.34
31.73,31.94,31.00,31.04
32.01,32.75,32.00,32.59
34.00,34.05,31.83,32.07
34.02,34.50,33.59,34.19
34.39,34.71,33.44,33.86
34.83,35.29,34.43,34.78
34.16,34.99,34.13,34.81
33.68,34.52,33.46,34.07
33.18,34.22,32.99,34.19
33.09,33.28,31.50,31.87
34.52,34.82,30.66,33.28
34.92,35.31,34.45,34.76
36.36,36.36,35.12,35.36
36.50,36.89,36.37,36.77
37.25,37.43,36.23,36.26
36.93,37.40,36.86,37.23
36.47,36.85,36.40,36.64
36.60,36.96,36.13,36.22
36.67,36.99,36.47,36.82
36.39,36.68,36.10,36.64
35.80,36.48,35.27,36.44
36.18,36.39,35.79,36.13
35.38,36.48,35.38,36.29
35.34,35.44,34.64,35.16
35.54,35.90,35.07,35.27
34.45,35.91,34.22,35.63
33.94,34.60,33.94,34.41
34.15,34.23,33.88,33.90
34.21,34.33,34.04,34.21
34.04,34.23,33.87,34.23
34.10,34.15,33.55,33.99
34.47,34.55,34.13,34.29
34.64,34.69,34.42,34.56
34.59,34.84,34.54,34.82
34.54,34.87,34.25,34.55
34.55,34.58,34.28,34.39
34.46,34.70,34.45,34.62
34.31,34.70,34.28,34.40
34.65,34.70,34.11,34.31
34.10,34.75,34.07,34.55
33.98,34.11,33.86,33.90
33.78,34.21,33.66,34.11
33.26,33.83,33.09,33.72
33.53,33.66,33.13,33.42
33.30,33.58,33.16,33.46
33.44,33.64,33.32,33.38
33.39,33.58,33.22,33.42
33.32,33.50,33.04,33.31
33.62,33.77,33.33,33.42
33.38,33.60,33.25,33.58
33.20,33.75,33.09,33.66
32.93,33.33,32.87,33.27
33.11,33.15,32.82,33.00
32.83,33.25,32.62,33.16
32.46,32.46,31.84,32.26
32.42,32.54,32.30,32.44
32.00,32.54,31.85,32.36
31.43,32.13,31.43,32.09
31.17,31.52,30.98,31.46
30.84,31.13,30.23,31.09
30.97,31.24,30.86,31.23
31.09,31.16,30.52,30.85
31.29,31.29,30.85,31.15
30.84,31.27,30.62,31.20
30.57,31.00,30.44,30.98
30.36,30.74,30.13,30.63
30.24,30.34,29.97,30.25
30.65,30.74,29.57,29.98
29.25,29.61,28.77,29.36
29.46,29.49,28.88,29.25
29.53,29.72,29.18,29.41
29.21,29.68,29.13,29.20
28.91,29.26,28.18,29.17
29.30,29.45,28.94,29.07
29.39,29.89,29.36,29.54
29.22,29.59,29.09,29.50
28.16,29.32,28.13,29.13
28.93,29.17,27.92,28.03
29.13,29.37,28.49,28.69
29.20,29.29,28.73,29.17
29.37,29.50,28.98,29.29
29.42,29.65,29.23,29.45
30.35,30.35,29.09,29.17
31.00,31.11,30.18,30.52
30.53,30.67,30.19,30.63
30.36,30.83,30.35,30.80
31.22,31.36,30.33,30.43
30.59,31.24,30.50,31.15
30.47,30.78,30.05,30.69
30.56,30.65,30.22,30.45
30.88,31.05,30.67,30.82
30.64,30.85,30.40,30.80
30.78,30.82,30.50,30.81
30.85,31.00,30.76,30.85
31.21,31.22,30.76,30.96
31.39,31.63,31.13,31.30
31.04,31.77,30.93,31.07
30.11,31.24,29.92,31.10
30.41,30.47,30.22,30.33
30.33,30.44,30.23,30.40
30.27,30.39,30.20,30.33
30.20,30.40,30.15,30.30
29.91,30.32,29.82,30.18
29.60,29.94,29.30,29.91
29.54,29.83,29.23,29.40
29.45,29.76,29.34,29.44
30.00,30.08,29.67,29.77
29.87,30.08,29.70,29.90
29.79,30.00,29.72,29.97
29.75,29.88,29.56,29.64
29.45,29.94,29.38,29.69
29.54,29.54,28.98,29.25
29.56,29.77,29.22,29.59
29.68,29.99,29.66,29.88
30.00,30.48,29.44,29.86
29.50,30.06,29.50,29.70
29.50,29.69,29.35,29.49
29.10,29.49,29.08,29.44
28.78,28.95,28.56,28.92
28.46,29.09,28.01,28.85
29.20,29.54,29.20,29.54
29.32,29.32,28.88,29.24
29.32,29.53,29.10,29.28
28.94,29.05,28.67,28.91
29.09,29.36,28.67,29.13
29.49,29.50,29.14,29.46
29.05,29.71,29.05,29.63
28.25,29.50,28.10,29.37
27.97,28.89,27.75,28.61
27.62,27.69,27.28,27.43
27.32,27.46,27.02,27.46
27.01,27.20,26.79,27.00
26.43,26.96,26.35,26.96
26.48,26.48,25.94,26.17
25.32,26.19,25.30,26.13
25.14,25.58,25.00,25.05
25.02,25.19,24.75,25.03
24.74,25.30,24.69,25.07
25.71,25.81,24.61,24.74
25.49,25.91,25.35,25.73
25.56,25.71,25.20,25.32
25.70,26.05,25.54,25.73
26.19,26.70,25.68,25.71
27.20,27.20,26.04,26.20
27.10,27.10,26.34,26.87
26.49,27.26,26.42,26.88
27.31,27.38,26.36,26.47
27.34,27.55,27.07,27.40
27.42,27.49,26.94,27.21
27.49,27.66,27.40,27.62
27.68,27.73,27.47,27.59
27.41,27.53,27.15,27.29
27.59,27.71,27.33,27.46
27.39,27.54,27.36,27.47
27.50,27.75,27.31,27.40
27.07,27.20,26.89,27.10
27.17,27.47,26.92,27.22
26.29,26.98,26.21,26.82
26.41,26.47,25.95,26.31
26.63,27.32,26.31,26.61
28.00,28.07,27.51,27.83
27.80,28.13,27.70,27.90
27.69,28.23,27.49,27.89
27.77,27.84,27.48,27.58
28.38,28.45,27.58,27.83
28.59,28.83,28.15,28.27
28.96,28.96,28.39,28.53
28.73,29.38,28.62,28.81
28.69,28.73,27.82,28.37
28.59,28.82,28.18,28.49
28.33,28.77,28.33,28.63
27.65,28.38,27.65,28.32
27.86,28.18,27.64,28.10
27.88,28.16,27.75,28.05
27.08,27.88,26.94,27.86
26.31,27.19,26.16,27.15
25.86,26.42,25.81,26.41
25.37,25.92,25.15,25.86
25.47,25.54,25.00,25.29
25.97,25.97,24.96,25.22
25.51,26.33,25.48,25.85
25.45,25.74,25.31,25.68
25.67,26.05,25.63,25.83
25.50,25.57,25.23,25.54
25.44,25.64,25.14,25.48
25.50,25.70,25.22,25.34
25.64,25.74,25.33,25.50
25.60,25.61,25.22,25.55
25.14,25.43,25.12,25.32
25.15,25.39,24.98,25.25
24.52,26.00,24.16,25.41
23.88,23.91,23.28,23.56
24.57,24.73,23.73,24.04
24.54,24.80,24.36,24.59
23.96,24.72,23.91,24.38
23.71,24.11,23.48,23.89
23.67,23.88,23.40,23.83
23.65,23.84,23.49,23.73
23.50,23.67,23.14,23.27
24.23,24.40,23.44,23.53
23.85,24.35,23.70,24.17
23.61,24.01,23.48,23.95
23.20,23.53,22.96,23.22
22.88,23.61,22.87,23.16
23.24,23.38,22.45,22.63
22.54,23.89,22.54,23.29
21.69,22.95,21.69,22.66
21.84,22.29,21.82,22.27
21.44,22.27,21.34,22.12
21.44,21.61,21.12,21.50
21.69,21.85,21.46,21.48
21.13,21.70,21.05,21.56
20.84,21.01,20.54,20.96
20.48,20.91,20.45,20.83
19.68,20.69,19.53,20.56
19.25,19.60,19.25,19.49
18.98,19.40,18.75,19.39
18.78,19.08,18.72,18.96
18.86,19.02,18.68,18.88
19.00,19.16,18.50,18.81
19.56,19.69,18.95,18.99
19.68,19.68,19.28,19.55
20.20,20.20,19.29,19.72
20.37,20.95,20.23,20.62
20.46,20.56,19.98,20.31
20.44,20.50,20.12,20.43
19.89,20.45,19.78,20.38
18.96,20.07,18.87,19.96
18.69,19.08,18.65,19.01
18.49,18.69,18.36,18.55
18.76,18.86,18.34,18.40
19.01,19.10,18.70,18.89
18.34,18.90,18.17,18.72
18.65,18.74,18.32,18.38
18.91,19.11,18.51,18.57
19.13,19.16,18.50,18.89
19.67,19.67,18.94,19.36
19.48,20.10,19.42,19.72
19.92,19.97,19.15,19.45
19.76,19.85,19.47,19.72
19.74,19.93,19.16,19.64
20.19,20.34,19.75,19.90
19.39,20.22,19.39,20.04
19.49,19.60,19.16,19.33
18.87,19.80,18.83,19.55
18.44,19.21,18.44,18.88
18.05,18.23,17.77,18.23
18.10,18.20,17.50,17.98
18.09,18.30,17.83,17.89
17.66,18.09,17.40,18.05
17.76,17.90,17.45,17.69
18.22,18.39,17.49,17.68
18.55,19.00,18.42,18.64
17.88,18.54,17.37,18.37
17.62,17.87,17.30,17.87
18.02,18.21,17.26,17.65
17.96,18.47,17.34,18.33
18.67,18.88,17.85,18.05
18.86,19.17,18.68,18.99
19.07,19.17,18.57,18.84
18.96,19.41,18.88,19.34
19.35,19.36,18.59,18.77
18.96,19.29,18.77,19.23
19.36,19.40,18.57,18.73
18.81,19.42,18.75,19.42
18.21,19.00,18.18,18.81
18.10,18.94,18.10,18.26
17.21,18.19,17.11,18.03
16.72,17.30,16.45,17.04
16.68,17.21,16.68,16.92
16.52,17.07,16.21,16.90
16.74,16.74,16.05,16.40
16.43,17.23,16.35,16.76
16.50,16.82,16.32,16.60
16.96,17.01,16.15,16.42
16.83,17.19,16.64,17.01
16.52,16.99,16.11,16.82
16.42,16.65,16.10,16.36
16.66,16.77,16.40,16.52
16.81,16.97,16.61,16.68
16.43,17.13,16.43,17.00
15.45,16.35,15.45,16.20
15.67,15.74,15.39,15.60
16.31,16.32,15.74,15.98
15.70,16.60,15.70,16.46
16.39,16.77,16.18,16.32
15.12,16.13,15.02,16.00
15.52,15.70,15.27,15.37
15.82,15.86,15.14,15.39
16.79,16.96,16.21,16.21
16.05,17.18,15.81,17.14
16.00,16.43,15.54,15.96
15.66,16.06,15.63,15.79
15.00,15.89,15.00,15.89
14.75,14.95,14.29,14.43
14.60,14.93,14.45,14.74
14.45,14.94,14.29,14.53
13.90,14.42,13.70,14.42
14.14,14.25,13.76,13.76
13.85,14.14,13.79,13.99
13.46,13.89,13.06,13.81
13.56,13.96,13.39,13.53
12.71,13.47,12.63,13.43
12.50,12.98,12.35,12.44
12.46,13.09,12.02,12.65
12.98,13.23,12.51,12.54
12.92,13.56,12.73,13.31
12.89,13.06,12.42,12.68
13.60,13.70,12.61,12.68
13.90,14.25,13.80,13.87
14.84,14.96,14.14,14.21
14.62,14.92,14.30,14.66
14.44,15.04,14.31,14.91
15.33,15.44,14.23,14.28
15.32,15.45,14.97,15.18
16.10,16.19,15.50,15.56
16.00,17.22,15.87,16.05
17.67,17.98,17.25,17.65
18.57,18.99,18.37,18.47
18.09,18.63,17.96,18.63
18.50,18.55,18.10,18.37
18.93,19.08,18.14,18.26
19.14,19.41,18.69,19.04
19.09,19.69,19.09,19.30
18.23,19.36,17.88,19.32
18.26,18.95,18.20,18.48
18.03,18.30,17.75,18.21
17.79,18.23,17.77,18.03
18.64,18.81,17.96,18.08
18.78,18.85,18.43,18.57
18.92,19.37,18.73,18.96
18.91,19.09,18.30,18.70
18.69,19.36,18.60,18.91
18.57,19.05,18.01,18.64
18.91,19.19,18.45,18.90
18.81,19.31,18.58,19.26
20.01,20.04,18.45,18.55
19.47,19.98,18.88,19.51
18.47,19.34,18.19,19.12
18.40,18.70,18.04,18.45
18.20,19.36,18.20,19.06
18.86,19.12,18.37,18.52
18.31,18.93,18.02,18.52
18.16,18.48,17.80,18.35
17.85,18.46,17.69,18.23
17.10,18.71,16.89,18.13
16.12,17.09,16.00,16.79
15.60,16.30,15.51,16.24
14.92,15.83,14.92,15.63
15.10,15.14,14.88,14.88
15.46,15.47,14.76,14.99
15.60,15.72,15.38,15.45
15.60,15.73,15.48,15.58
16.03,16.04,15.35,15.62
16.30,16.30,15.49,15.81
16.26,16.80,16.12,16.28
16.43,16.72,16.07,16.28
16.20,16.50,15.98,16.33
16.41,16.96,16.14,16.32
17.40,17.50,16.24,16.48
17.50,17.63,16.64,17.39
17.82,18.42,17.67,18.13
18.03,18.23,17.34,18.19
17.01,18.11,16.68,17.93
17.67,18.06,17.06,17.24
17.36,17.48,16.37,17.26
17.87,18.39,17.24,17.51
17.22,18.31,16.99,18.20
17.53,18.00,16.95,17.64
18.42,18.42,17.24,17.26
18.61,18.86,18.43,18.83
18.01,18.74,17.64,18.69
19.40,19.40,18.10,18.55
17.50,19.21,17.18,18.61
16.55,17.33,15.78,17.29
16.95,17.82,16.10,16.20
18.89,19.37,17.63,17.64
19.23,19.47,18.20,19.00
19.80,20.07,18.70,19.12
20.53,22.38,19.72,20.75
19.32,21.10,18.05,20.97
20.55,20.60,19.22,19.37
21.42,21.70,20.54,20.94
22.20,22.71,21.37,21.71
21.49,22.42,21.26,21.84
23.00,23.37,21.31,21.43
24.22,24.61,23.24,23.26
23.48,25.07,23.44,24.64
22.13,23.21,22.04,23.00
22.14,23.18,21.80,22.19
21.99,22.64,21.76,22.53
21.27,22.40,20.62,21.30
19.32,21.15,18.95,21.15
19.45,19.90,18.75,18.92
19.32,20.37,18.90,19.75
21.36,21.42,19.75,20.72
22.61,22.61,20.54,21.24
23.42,23.94,22.62,22.73
22.86,23.85,22.34,23.85
22.87,23.65,22.06,22.61
22.09,23.31,20.57,23.22
24.32,24.38,21.97,22.15
26.51,27.49,23.98,24.61
23.43,25.60,23.00,25.60
21.79,23.65,20.65,22.48
25.00,25.70,22.65,22.76
24.55,25.99,24.36,24.98
27.26,27.50,25.06,25.11
27.80,27.80,25.71,26.99
28.48,29.29,28.28,28.28
29.32,29.40,28.04,28.14
29.18,29.92,28.83,29.67
29.39,30.10,28.73,29.66
30.37,30.59,28.64,29.07
30.78,30.99,30.14,30.93
30.92,31.07,30.56,30.78
30.77,31.06,30.32,30.74
31.27,31.57,30.54,30.86
32.78,32.78,31.02,31.12
32.01,33.00,31.68,32.91
30.00,31.45,29.40,31.37
30.59,30.71,29.60,29.75
30.48,31.49,29.52,31.22
31.35,31.86,30.80,30.83
31.77,32.10,31.55,32.05
31.50,32.00,31.11,31.94
32.31,32.45,31.80,31.89
33.16,33.16,32.06,32.06
33.38,33.52,32.57,32.97
32.00,32.92,31.75,32.79
33.52,33.53,32.14,32.18
34.35,34.50,33.36,33.81
35.09,35.70,34.29,34.49
35.28,35.31,34.62,34.76
34.90,35.51,34.80,35.51
34.68,35.17,33.93,34.74
34.65,34.84,34.32,34.71
35.11,35.37,34.73,34.78
34.74,35.45,34.74,35.38
34.32,34.84,34.31,34.63
35.27,35.33,34.52,34.80
35.64,35.76,35.11,35.25
36.40,36.40,35.56,35.78
36.70,36.80,36.00,36.37
36.21,36.67,35.63,36.18
36.79,37.07,35.90,36.55
36.75,37.06,36.72,36.97
37.09,37.25,36.70,37.00
36.24,37.25,36.21,37.00
36.44,36.95,36.27,36.29
35.89,36.65,35.73,36.64
35.70,36.26,35.49,36.09
35.75,35.97,35.30,35.34
36.14,36.27,35.26,35.86
36.51,36.66,36.02,36.06
36.24,36.92,36.10,36.71
35.48,36.40,35.48,36.13
36.18,36.41,35.82,35.83
35.83,36.28,35.79,36.21
35.87,36.15,35.50,35.69
35.24,36.09,35.13,36.00
35.01,35.16,34.55,35.13
35.77,35.77,35.09,35.33
35.16,35.64,34.71,35.57
34.40,35.31,34.40,35.14
34.70,35.44,34.67,35.12
34.74,35.25,34.55,34.83
36.05,36.05,35.02,35.14
35.03,36.15,34.64,35.69
35.21,35.49,34.86,35.37
36.11,36.17,35.09,35.09
35.01,36.02,34.95,35.93
34.81,35.71,34.53,35.07
35.53,35.69,34.60,34.73
35.63,36.07,35.28,35.36
35.04,35.77,34.92,35.57
35.70,35.99,35.35,35.54
35.60,35.97,35.38,35.59
36.57,36.63,35.53,35.70
35.90,37.28,35.90,36.94
36.93,37.05,36.18,36.63
37.66,37.81,37.05,37.08
37.54,37.77,37.00,37.57
37.43,38.00,37.27,37.90
37.10,37.58,36.99,37.38
37.48,37.78,36.81,37.41
37.00,37.73,36.52,37.35
36.95,37.31,36.60,37.31
36.37,37.48,36.37,36.89
36.14,36.83,36.14,36.25
36.37,36.91,36.34,36.75
36.62,37.05,36.24,36.92
37.34,37.38,36.42,36.51
37.05,37.75,36.92,37.65
36.85,37.36,36.58,36.99
37.08,37.45,36.62,36.88
36.93,37.27,36.61,36.90
37.17,37.50,36.86,37.39
36.93,37.30,36.50,37.13
36.44,37.09,36.20,36.95
35.71,36.50,35.64,36.42
35.87,36.17,35.63,35.93
35.68,36.26,35.58,36.02
35.62,36.36,35.53,35.70
35.99,35.99,35.01,35.62
34.85,36.86,34.75,36.24
35.41,35.41,34.60,35.09
34.17,35.75,34.04,35.34
32.45,33.25,32.23,32.53
32.39,32.49,32.02,32.23
32.08,32.40,31.83,32.37
31.58,32.14,31.41,31.90
32.20,32.25,31.46,31.98
31.80,32.16,31.68,31.75
31.35,32.01,31.08,31.82
32.13,32.13,31.42,31.62
31.34,32.13,31.33,32.07
30.20,31.15,29.89,31.10
30.65,30.75,30.01,30.21
30.56,30.96,30.36,30.56
31.60,31.68,30.60,30.66
31.54,31.79,30.95,31.53
31.03,31.75,30.85,31.44
30.14,31.19,30.13,31.04
30.48,30.61,29.96,30.15
30.72,30.99,30.38,30.66
30.63,31.30,30.54,30.97
30.51,30.69,29.88,30.09
29.34,30.60,29.34,30.40
30.35,30.46,28.79,29.15
30.13,30.61,29.89,30.25
30.74,30.80,30.00,30.13
31.00,31.25,30.77,30.94
31.46,31.59,30.74,31.06
31.33,31.57,31.17,31.51
31.72,31.99,31.52,31.57
31.46,31.97,31.31,31.71
30.98,31.70,30.98,31.47
30.98,31.65,30.88,31.23
29.91,30.98,29.91,30.89
29.51,29.91,29.30,29.83
29.31,29.74,29.30,29.58
30.00,30.04,29.21,29.22
30.20,30.25,29.90,29.99
30.30,30.48,30.02,30.32
29.73,30.57,29.60,30.35
29.53,29.73,29.02,29.66
30.56,30.83,29.35,29.35
30.00,30.49,29.49,30.47
28.88,29.99,28.88,29.67
30.66,30.66,29.35,29.64
29.97,30.63,29.69,30.50
30.35,31.29,30.15,30.43
30.15,30.41,29.45,30.34
30.01,30.16,29.49,29.54
29.96,30.65,29.82,30.07
30.51,30.70,30.10,30.14
30.37,30.79,30.16,30.60
30.40,30.73,29.95,30.51
30.63,30.84,30.30,30.74
31.27,31.43,30.51,30.61
31.72,31.91,31.16,31.65
31.74,32.44,31.65,32.03
31.41,31.91,31.24,31.87
31.42,31.79,31.20,31.50
31.43,31.58,30.78,31.41
31.58,31.97,31.46,31.61
30.61,31.61,30.58,31.53
30.94,31.10,30.67,30.93
31.41,31.54,30.48,30.65
32.68,32.82,31.05,31.54
32.05,33.16,31.92,32.68
32.00,32.30,31.79,31.85
32.00,32.00,31.58,31.86
32.19,32.32,31.81,32.00
33.38,33.50,32.20,32.42
34.00,34.57,33.52,33.63
33.80,34.59,33.57,33.59
34.39,34.86,34.34,34.46
34.00,34.66,33.77,34.46
33.58,34.13,33.33,33.86
33.46,34.91,33.16,34.18
33.60,33.65,33.16,33.48
33.17,33.56,32.79,33.52
34.05,34.05,33.00,33.19
33.47,34.02,33.28,33.60
31.69,33.56,31.45,33.43
31.97,33.13,31.26,32.84
35.16,35.16,33.10,33.66
35.70,36.13,35.19,35.35
35.75,36.28,35.00,35.67
36.05,36.34,35.66,35.99
37.83,37.83,36.20,36.64
36.70,37.41,35.98,36.00
35.30,37.25,35.14,36.97
34.89,35.71,34.72,35.38
35.36,35.75,35.15,35.29
35.34,35.88,35.05,35.34
35.58,35.85,34.72,34.77
36.30,36.35,35.87,35.94
36.67,36.80,36.12,36.30
37.30,37.35,36.61,36.74
37.08,37.51,37.08,37.49
37.29,37.53,37.14,37.14
36.80,37.51,36.80,37.47
37.09,37.29,36.86,36.98
36.75,37.34,36.60,37.19
35.62,36.49,35.62,36.42
35.11,35.76,35.09,35.50
35.63,35.99,34.98,35.11
36.08,36.46,35.38,35.44
36.60,36.96,36.26,36.31
36.83,37.20,36.57,36.96
37.56,38.16,36.57,37.09
37.87,37.89,36.44,36.47
38.04,38.17,37.80,37.89
37.94,38.24,37.75,38.01
37.83,38.19,37.49,37.95
37.92,38.19,37.52,37.84
37.60,38.14,37.43,37.48
37.48,38.19,37.48,37.75
37.99,38.00,37.58,37.83
37.90,38.14,37.43,37.47
37.03,38.07,36.85,37.95
36.47,37.16,36.40,36.83
36.84,37.57,36.54,36.54
36.87,37.02,36.56,36.91
36.28,37.11,35.96,36.70
35.79,36.92,35.79,36.51
36.42,36.78,35.73,35.80
34.99,36.96,34.93,36.72
33.71,34.95,33.56,33.70
34.05,34.49,33.79,34.20
33.72,34.01,33.38,33.91
32.87,33.97,32.87,33.51
34.45,34.50,33.28,33.39
35.26,35.26,34.13,34.98
35.63,36.17,35.03,35.09
35.77,36.25,35.39,36.13
35.51,35.99,35.15,35.69
36.35,36.74,35.82,36.02
36.67,37.06,36.23,36.26
36.14,36.89,35.84,36.85
35.88,36.18,35.47,35.86
36.24,36.49,35.89,36.03
36.61,37.00,35.44,36.03
37.00,37.13,36.00,36.24
37.07,37.32,36.42,36.90
36.94,37.38,36.70,37.33
36.91,37.09,36.17,36.60
38.41,38.41,37.22,37.30
38.45,38.60,38.04,38.43
38.55,38.85,37.97,38.37
38.57,39.32,38.06,38.30
37.91,38.65,37.61,38.18
37.38,37.81,37.17,37.61
37.99,38.24,37.20,37.29
38.07,38.19,37.69,37.87
37.91,38.19,37.87,38.16
37.73,37.99,37.63,37.89
37.40,37.93,37.35,37.79
36.87,37.33,36.86,37.20
36.94,37.05,36.43,36.83
36.90,37.25,36.90,37.00
36.97,37.50,36.90,37.01
36.90,37.16,36.62,36.88
37.00,37.21,36.77,36.98
37.15,37.15,36.75,36.93
36.40,36.96,36.36,36.77
36.77,37.01,36.35,36.56
37.12,37.40,36.61,36.91
37.26,37.26,36.86,37.02
37.25,37.53,37.05,37.26
36.14,37.40,36.14,37.20
35.98,36.25,35.77,36.03
36.34,36.59,35.97,36.16
36.43,36.50,36.22,36.34
36.13,36.50,35.99,36.29
36.10,36.50,36.02,36.31
36.43,36.50,35.76,36.10
36.09,36.46,36.05,36.28
36.16,36.58,35.84,36.58
36.11,36.20,35.86,36.16
36.59,36.68,36.01,36.46
36.30,36.54,36.07,36.40
35.62,36.15,35.22,35.83
34.98,35.62,34.93,35.62
34.95,35.22,34.60,34.67
35.12,35.34,34.87,35.14
34.64,35.26,34.52,35.20
34.38,34.82,34.14,34.64
34.12,34.49,33.88,34.38
33.50,34.04,33.35,33.94
33.72,33.89,33.10,33.60
32.85,35.00,32.64,33.83
32.30,32.98,31.78,32.78
31.44,33.07,31.15,32.39
35.80,37.10,35.80,36.33
36.00,37.09,36.00,36.33
36.60,36.60,35.28,35.75
38.90,39.37,35.58,35.89
38.30,38.64,37.93,38.48
37.80,38.69,37.75,38.30
38.26,38.31,37.58,38.31
38.70,38.87,37.98,37.98
38.98,39.00,38.04,38.62
38.05,38.79,37.82,38.16
38.25,38.64,37.90,38.15
37.47,38.13,37.26,38.09
38.25,38.59,37.64,37.64
39.40,39.40,37.89,38.44
39.80,39.80,38.75,39.15
40.00,40.42,39.05,39.19
40.00,40.27,39.38,39.83
39.88,39.88,39.37,39.38
39.79,40.05,39.61,39.88
39.39,39.74,39.17,39.62
39.54,39.90,39.46,39.80
39.73,40.00,39.71,39.84
40.19,40.23,39.90,39.96
39.90,40.40,39.75,40.40
39.50,39.90,39.50,39.89
39.87,39.93,39.50,39.70
39.60,39.98,39.60,39.88
39.49,39.90,39.33,39.82
39.88,39.88,39.13,39.57
39.20,39.78,39.01,39.68
38.70,39.28,38.45,39.20
38.67,38.98,38.14,38.44
38.50,38.84,38.05,38.48
38.18,38.56,37.94,38.49
38.59,38.69,38.01,38.40
38.66,39.00,38.11,38.48
38.92,39.04,38.03,38.65
38.74,39.17,38.34,39.14
39.31,39.40,38.62,38.74
38.81,39.44,38.80,39.31
38.80,39.23,38.73,38.90
38.98,39.00,38.40,38.72
38.37,38.98,38.36,38.85
37.82,38.47,37.72,38.47
37.44,37.83,37.10,37.47
37.38,37.92,37.15,37.71
37.30,37.55,36.94,37.53
38.12,38.37,37.26,37.26
38.18,38.50,38.15,38.37
38.21,38.56,38.19,38.47
38.00,38.63,37.99,38.49
38.17,38.36,37.85,38.28
38.18,38.33,38.10,38.17
38.10,38.40,38.02,38.29
38.50,38.57,38.10,38.32
37.71,38.54,37.50,38.37
37.86,38.85,37.59,37.68
38.82,38.97,38.49,38.58
38.35,38.75,38.21,38.54
37.60,38.50,37.60,38.32
37.63,38.22,37.55,38.00
37.39,37.99,37.39,37.63
37.47,37.86,37.37,37.82
37.33,38.47,37.33,37.78
36.46,36.74,35.71,35.91
36.01,36.32,35.48,36.21
37.00,37.17,35.98,36.01
37.09,37.50,37.01,37.44
37.05,37.42,36.98,37.34
36.95,37.36,36.86,37.23
36.45,37.01,36.30,37.00
36.34,36.57,36.20,36.45
35.89,36.56,35.80,36.38
34.48,35.99,34.40,35.99
34.77,34.85,34.35,34.37
34.85,35.04,34.61,34.71
35.29,35.39,35.02,35.07
35.38,35.48,35.17,35.17
35.50,35.63,35.20,35.34
35.34,35.60,34.48,35.40
35.69,35.75,35.19,35.48
35.45,35.64,35.13,35.24
35.20,35.65,35.04,35.48
34.98,35.80,34.80,35.56
34.50,35.01,34.42,34.98
35.10,35.10,34.24,34.47
34.62,34.95,34.52,34.87
34.87,34.95,34.57,34.62
34.82,35.00,34.76,34.91
34.71,35.20,34.75,35.06
34.80,34.95,34.69,34.71
34.55,34.83,34.57,34.81
34.06,34.68,34.00,34.55
33.63,34.00,33.49,33.96
33.68,33.85,33.52,33.69
33.76,33.96,33.48,33.71
33.28,33.75,33.17,33.48
33.30,33.81,33.17,33.63
33.02,33.34,32.42,33.34
32.47,33.69,32.47,33.22
32.30,32.79,32.00,32.59
32.15,32.23,31.88,32.09
31.90,32.42,31.82,32.06
31.98,32.18,31.78,31.85
31.69,31.92,31.53,31.75
31.89,32.01,31.45,31.70
31.67,32.07,31.51,32.00
31.84,32.02,31.58,31.67
31.70,32.14,31.67,32.14
31.78,32.00,31.46,31.76
31.00,31.98,31.00,31.74
30.80,30.99,30.63,30.78
30.84,31.00,30.40,30.83
30.40,31.14,30.26,30.69
31.35,31.53,30.69,30.72
31.15,31.66,30.81,31.44
32.11,32.25,31.61,31.75
32.90,33.05,31.65,32.11
33.26,33.36,33.01,33.28
33.26,33.41,32.85,33.27
32.81,33.15,32.81,33.00
32.33,32.98,32.30,32.75
32.48,32.70,32.17,32.49
33.72,33.74,32.55,32.77
32.99,34.15,32.96,33.83
32.85,33.40,32.85,32.94
32.66,33.08,32.53,32.98
32.62,32.76,32.52,32.59
32.66,32.98,32.54,32.66
32.45,32.77,32.28,32.67
32.05,32.70,32.05,32.57
32.12,32.17,31.75,32.00
31.64,31.88,31.24,31.83
32.27,32.28,31.46,31.61
32.17,32.50,32.00,32.19
32.00,32.10,31.90,32.00
31.99,32.08,31.87,32.00
32.26,32.46,31.92,31.99
32.00,32.50,31.99,32.37
32.59,32.87,32.01,32.06
32.71,33.00,32.46,32.61
32.39,32.92,32.31,32.71
32.67,32.73,32.49,32.57
32.35,32.94,32.32,32.80
32.75,32.79,31.90,32.25
33.43,33.48,32.76,32.87
33.51,33.93,33.34,33.54
33.67,34.04,33.54,33.60
33.83,34.04,33.35,33.70
34.04,34.04,33.37,33.70
34.08,34.32,33.63,34.01
33.98,34.08,33.68,33.97
34.30,34.40,34.00,34.09
34.30,34.60,33.46,34.41
34.99,35.48,34.05,34.30
35.25,35.69,34.78,34.85
34.52,35.53,34.52,35.36
34.39,34.80,34.32,34.70
33.70,34.32,33.65,34.20
34.08,34.39,33.66,33.72
33.97,34.39,33.81,34.25
34.15,34.95,34.04,34.05
33.70,34.30,33.66,34.12
34.08,34.30,33.92,34.08
34.02,34.32,33.90,34.08
33.75,34.27,33.75,34.06
33.86,34.00,33.62,33.84
33.50,34.42,33.06,33.86
33.35,33.70,33.26,33.57
33.20,33.69,33.04,33.43
33.30,33.65,33.15,33.22
33.19,33.32,32.89,33.07
33.00,33.83,32.75,33.16
32.00,32.75,32.00,32.62
31.97,32.07,31.68,31.97
32.05,32.15,31.80,31.84
32.60,32.65,31.71,32.04
32.60,32.89,32.30,32.60
33.45,33.46,32.45,32.61
33.22,33.70,33.20,33.56
33.55,33.60,33.30,33.42
33.74,33.74,33.45,33.63
33.55,33.98,33.20,33.74
33.46,33.84,33.30,33.75
33.19,33.95,33.00,33.65
33.00,33.43,32.90,33.14
32.90,33.43,32.25,33.00
34.30,35.15,34.25,35.00
34.08,34.41,34.03,34.34
33.83,34.24,33.81,34.08
33.38,33.88,33.30,33.67
34.01,34.26,33.63,33.63
32.93,34.11,32.90,34.03
33.53,33.71,32.90,32.93
33.97,33.98,33.20,33.41
33.90,34.55,33.55,34.09
35.00,35.81,34.97,35.60
34.80,35.08,34.65,34.90
35.42,35.45,34.80,34.88
35.12,35.48,34.90,35.42
34.90,35.05,34.69,35.03
34.75,34.95,34.58,34.93
35.09,35.42,34.57,34.79
34.97,35.04,34.65,34.92
34.85,35.10,34.65,34.92
34.65,35.12,34.54,35.01
33.90,34.60,33.90,34.40
34.50,34.63,34.20,34.32
33.50,34.78,33.49,34.50
33.21,33.72,33.17,33.58
33.00,33.66,32.79,33.18
33.35,33.61,33.22,33.35
33.05,33.58,32.77,33.42
32.65,33.40,32.42,33.29
32.84,33.01,32.50,32.90
32.15,33.12,32.14,33.04
32.07,32.58,32.05,32.24
32.50,32.78,32.12,32.32
33.00,33.17,32.64,32.69
32.18,33.01,32.06,32.98
32.95,33.05,32.12,32.27
32.82,33.25,32.53,32.94
32.53,33.17,32.28,32.89
32.95,32.98,32.19,32.48
32.96,33.40,32.83,33.08
31.83,32.69,31.79,32.60
31.20,31.47,30.84,31.45
30.93,31.31,30.79,31.18
31.02,31.05,30.50,30.92
31.10,31.24,30.75,31.00
31.60,31.68,31.20,31.35
31.08,31.65,31.01,31.50
30.55,31.38,30.55,31.09
30.50,30.85,30.45,30.68
30.55,30.95,30.31,30.44
31.35,31.36,30.65,30.69
31.34,31.65,30.87,31.57
32.16,32.25,31.52,31.52
32.18,32.25,31.63,32.16
31.56,32.10,31.52,32.00
30.88,31.45,30.86,31.36
30.44,30.96,30.42,30.80
30.47,30.67,30.35,30.47
30.70,31.00,30.50,30.57
30.80,31.16,30.52,30.54
31.18,31.48,30.85,30.89
31.70,31.71,31.20,31.32
32.27,32.27,31.42,31.80
32.00,32.33,31.72,32.28
31.74,32.28,30.84,32.01
30.89,31.85,30.70,31.12
27.44,28.87,27.42,28.47
27.65,27.68,27.10,27.20
27.19,27.86,27.08,27.80
27.43,28.26,27.15,27.28
27.75,27.81,26.96,27.08
27.94,28.00,27.51,27.75
28.61,29.00,27.75,28.05
27.85,28.68,27.74,28.20
28.00,28.57,27.80,28.13
28.32,28.34,27.75,28.05
27.80,28.54,27.65,28.44
27.63,28.17,27.47,27.92
28.00,28.18,27.49,27.53
29.08,29.11,27.80,27.81
29.04,29.82,28.88,29.16
27.89,29.26,27.89,29.04
28.90,28.91,27.48,27.86
29.50,29.96,28.72,28.77
28.38,29.50,28.38,29.40
28.83,29.00,27.68,28.30
28.65,28.89,28.53,28.84
28.45,28.79,28.15,28.69
28.45,28.83,28.21,28.47
30.18,30.18,27.88,28.50
30.65,30.65,29.37,30.18
31.18,31.40,30.53,30.75
31.50,31.50,30.74,31.02
31.32,31.87,31.31,31.64
31.67,31.75,31.05,31.33
31.74,32.00,31.48,31.86
31.56,32.11,31.54,31.56
30.67,31.54,30.50,31.51
30.43,30.82,30.07,30.56
30.60,31.40,30.38,30.44
31.30,31.54,31.06,31.44
32.00,32.00,29.84,31.19
32.56,32.72,32.10,32.27
32.17,32.88,32.17,32.66
32.35,32.66,32.07,32.18
33.40,33.54,32.25,32.36
33.22,33.52,33.06,33.35
32.04,33.50,32.02,33.38
31.45,31.95,31.35,31.92
32.50,32.77,31.30,31.45
33.70,33.84,32.18,32.60
33.51,34.05,33.26,33.73
33.70,33.72,32.80,33.51
34.05,34.43,33.60,33.90
34.59,34.61,33.69,34.04
35.30,35.37,34.31,34.34
35.09,35.61,34.88,35.52
34.70,35.15,34.61,35.03
34.07,34.95,34.07,34.89
34.57,34.65,34.02,34.08
34.15,34.80,34.01,34.63
34.40,34.45,33.48,33.91
34.39,35.02,33.50,34.12
34.53,35.12,34.40,34.49
34.93,34.97,34.15,34.44
34.95,35.13,34.55,34.98
34.97,35.55,34.77,34.84
34.80,35.20,34.59,34.79
36.25,36.59,34.69,34.85
37.35,38.13,37.25,37.97
38.45,38.55,37.18,37.25
38.40,38.75,38.17,38.67
38.70,38.99,38.47,38.67
39.14,39.14,38.60,38.88
39.10,39.45,38.96,39.00
39.00,39.25,38.85,39.15
38.93,39.28,38.70,38.86
38.95,39.02,38.57,38.93
38.75,39.10,38.72,39.03
38.55,39.00,38.40,38.75
38.90,38.96,38.38,38.42
38.74,39.54,38.67,39.00
38.95,39.00,38.50,38.80
38.43,38.98,38.40,38.87
38.67,38.72,38.22,38.42
39.05,39.14,38.56,38.82
38.68,39.45,38.63,38.97
37.92,38.70,37.91,38.61
37.08,38.21,36.95,37.99
36.66,37.04,36.50,36.86
36.15,36.73,36.11,36.67
36.90,37.10,36.26,36.33
37.10,37.25,36.45,36.97
37.76,38.00,36.65,36.92
38.38,38.50,37.65,37.86
38.15,38.55,38.10,38.50
38.03,38.30,37.94,38.22
38.03,38.20,37.84,38.05
37.80,38.36,37.70,38.10
37.30,37.65,37.30,37.55
36.90,37.50,36.87,37.30
36.29,37.08,36.29,36.96
36.65,36.73,36.21,36.27
37.12,37.13,36.68,36.68
37.10,37.50,37.05,37.37
37.15,37.35,36.67,37.20
37.08,37.18,36.81,37.10
37.60,37.72,37.00,37.12
37.87,37.90,37.37,37.72
37.75,38.14,37.62,37.92
37.47,37.99,37.47,37.74
36.66,37.59,36.42,37.53
36.82,36.95,36.46,36.84
36.40,36.97,36.40,36.93
36.20,36.55,35.75,36.38
36.74,36.79,36.17,36.21
36.35,36.82,36.20,36.56
36.01,36.45,35.91,36.35
36.20,36.34,35.88,36.18
36.07,36.60,36.04,36.22
36.55,36.60,36.20,36.32
36.10,36.71,36.10,36.71
36.25,36.50,35.95,36.00
35.85,36.74,35.85,36.59
36.09,36.28,35.76,35.92
35.50,36.30,35.47,36.00
35.14,35.44,35.11,35.44
34.93,35.36,34.92,35.14
34.60,35.14,34.53,34.99
34.89,35.20,34.70,34.78
34.55,35.11,34.10,34.99
34.58,35.23,34.34,34.80
35.20,35.32,34.02,34.45
35.00,35.87,35.00,35.87
34.95,35.40,34.95,35.13
34.05,34.59,34.05,34.54
34.55,34.68,33.52,34.00
34.27,34.99,34.13,34.74
34.15,34.59,34.03,34.33
34.50,34.80,34.00,34.27
33.78,35.00,33.78,34.96
34.25,34.32,33.91,33.91
34.10,34.47,34.10,34.40
34.10,34.50,34.08,34.14
34.44,34.49,33.69,34.11
34.33,34.38,34.16,34.27
34.25,34.55,34.15,34.32
34.20,34.58,34.14,34.25
34.85,35.00,34.00,34.25
34.50,35.25,34.49,35.00
33.74,34.58,33.41,33.52
33.67,33.76,33.30,33.76
34.13,34.25,33.59,33.96
34.75,34.85,34.18,34.22
35.00,35.08,34.60,34.99
34.25,35.00,34.10,35.00
34.65,34.80,34.42,34.55
34.50,34.79,34.09,34.65
33.45,34.47,33.45,34.47
33.55,33.83,33.37,33.59
33.40,33.58,32.82,33.50
33.28,33.46,33.09,33.29
34.00,34.02,33.46,33.47
34.20,34.25,33.60,33.90
34.80,34.85,33.94,33.98
35.00,35.15,34.80,34.90
34.85,35.12,34.80,35.07
34.99,35.37,34.85,34.86
35.00,35.05,34.50,34.82
35.22,35.50,34.98,35.05
35.38,35.44,35.27,35.30
35.50,35.59,35.18,35.21
35.95,36.00,35.40,35.53
35.63,36.00,35.61,35.98
35.23,35.85,35.23,35.65
34.70,35.36,34.65,35.27
34.55,34.71,34.15,34.58
35.00,35.00,34.39,34.48
35.00,35.16,34.84,34.94
35.50,35.80,34.87,35.00
35.80,35.84,35.18,35.49
35.66,36.10,35.60,35.98
35.40,35.78,35.40,35.66
35.60,35.81,35.43,35.49
35.60,35.65,35.42,35.65
35.65,35.77,35.61,35.69
35.45,35.79,35.45,35.65
34.85,35.80,34.85,35.57
34.60,35.09,34.59,34.98
34.79,34.95,34.58,34.91
34.20,34.79,34.16,34.76
34.25,34.60,34.17,34.25
34.80,34.95,34.42,34.50
32.80,33.29,32.78,32.90
32.77,33.03,32.70,32.93
33.03,33.17,32.88,33.04
32.90,33.18,32.81,33.03
32.72,33.10,32.72,32.97
32.60,32.95,32.49,32.90
32.66,33.00,32.65,32.80
32.79,33.02,32.60,32.70
32.10,32.87,32.06,32.68
32.01,32.49,31.90,32.13
31.00,32.14,30.95,32.01
30.64,31.05,29.97,31.00
30.80,30.94,30.52,30.57
31.10,31.44,30.97,30.99
31.10,31.39,30.95,31.18
31.09,31.46,30.96,31.17
30.90,31.38,30.72,31.09
31.20,31.60,30.69,30.82
30.65,31.39,30.40,31.18
30.75,30.84,30.42,30.65
30.83,30.94,30.45,30.84
33.10,33.10,30.48,30.93
30.25,30.59,30.11,30.58
30.89,31.10,30.06,30.43
31.38,31.63,30.95,31.03
31.80,31.95,31.31,31.35
31.42,31.88,31.22,31.81
31.38,31.40,30.78,31.07
32.12,32.14,31.13,31.26
33.04,33.15,32.33,32.46
32.83,33.30,32.83,32.99
32.69,32.99,32.63,32.75
33.10,33.32,32.49,32.67
33.55,33.72,33.04,33.23
33.60,33.75,33.41,33.46
33.80,33.98,33.46,33.60
33.50,33.92,33.33,33.69
33.50,33.75,33.12,33.68
33.82,33.98,33.35,33.64
33.82,34.45,33.82,34.03
33.75,33.82,33.41,33.65
33.27,34.00,33.07,33.91
32.90,33.16,32.76,33.03
32.85,32.92,32.57,32.63
32.95,33.22,32.91,33.09
32.78,33.45,32.65,33.32
32.18,32.68,32.12,32.62
32.44,32.55,31.95,32.20
32.28,32.61,32.28,32.49
31.90,32.52,31.90,32.48
32.29,32.40,32.05,32.14
31.91,32.42,31.88,32.29
32.02,32.22,31.75,32.16
31.35,32.08,31.31,32.02
30.80,31.52,30.80,31.26
30.70,31.22,30.70,31.10
30.05,31.08,29.95,30.80
30.00,30.76,30.00,30.15
30.60,30.76,30.25,30.25
30.41,30.80,30.41,30.70
30.90,30.96,30.61,30.65
30.75,31.05,30.70,30.90
30.50,31.15,30.48,31.11
29.55,30.48,29.53,30.48
29.70,30.85,29.35,30.33
26.15,26.66,26.15,26.41
25.30,26.12,25.24,26.12
25.72,25.84,25.18,25.30
25.40,25.70,25.32,25.58
25.84,25.87,25.29,25.32
25.95,26.16,25.82,25.87
26.70,26.71,26.10,26.19
26.41,26.77,26.12,26.77
26.62,26.78,26.52,26.63
26.23,26.75,26.23,26.51
26.32,26.48,26.13,26.24
26.40,26.48,26.25,26.42
26.05,26.63,26.00,26.40
25.60,26.19,25.60,25.98
25.53,25.80,25.48,25.60
25.78,25.80,25.37,25.59
25.92,26.14,25.74,25.85
25.89,26.15,25.60,25.92
25.67,26.08,25.46,25.95
25.60,25.67,25.28,25.67
25.84,25.84,25.44,25.66
26.05,26.25,25.60,25.74
25.77,26.10,25.67,25.93
25.02,26.05,25.02,25.93
25.00,26.17,25.00,25.67
23.95,24.43,23.90,24.34
23.40,23.89,23.13,23.88
23.67,24.04,23.57,23.64
23.26,23.80,23.13,23.62
23.20,23.55,23.13,23.40
23.08,23.20,22.95,23.02
23.45,23.58,23.18,23.23
23.35,23.53,23.28,23.49
23.95,23.96,23.20,23.34
24.78,24.79,24.12,24.13
24.63,25.05,24.60,24.82
24.78,24.90,24.49,24.63
24.85,25.00,24.68,24.68
24.55,25.00,24.53,24.92
24.85,24.87,24.63,24.77
24.75,24.79,24.54,24.57
24.78,24.92,24.47,24.65
24.66,24.80,24.57,24.70
24.45,24.76,24.40,24.67
24.51,24.86,24.45,24.50
24.38,24.74,24.33,24.70
24.39,24.67,24.29,24.45
24.50,24.70,24.13,24.22
24.75,24.75,24.25,24.52
24.20,24.20,23.95,24.06
23.98,24.33,23.96,24.19
24.01,24.38,23.95,24.18
23.75,24.15,23.71,24.01
23.75,23.96,23.67,23.91
23.54,23.85,23.54,23.76
23.71,23.75,23.35,23.53
23.62,23.98,23.43,23.89
23.32,23.69,23.30,23.63
23.10,23.46,22.82,23.41
22.92,23.12,22.85,23.07
22.44,23.18,22.23,22.92
21.21,22.60,21.21,22.48
21.85,21.90,21.38,21.56
22.00,22.29,21.87,21.99
21.67,22.71,21.67,21.97
21.85,22.23,21.80,22.20
21.67,21.92,21.60,21.86
21.40,21.98,21.31,21.89
21.15,21.56,21.13,21.50
21.18,21.45,20.99,21.08
21.20,21.42,21.12,21.25
20.90,21.31,20.89,21.18
20.75,21.03,20.72,20.97
20.80,20.85,20.44,20.75
21.10,21.18,20.65,20.65
21.28,21.45,20.95,21.23
21.28,21.68,21.20,21.34
21.18,21.50,20.99,21.32
21.22,21.33,20.91,21.10
20.68,21.38,20.68,21.31
20.84,21.00,20.46,20.51
20.68,20.92,20.66,20.77
20.37,20.79,20.37,20.67
20.47,20.53,20.11,20.40
20.81,21.01,20.62,20.67
21.25,21.45,20.75,20.81
21.00,21.46,20.80,21.36
21.34,21.37,21.01,21.14
21.55,21.74,21.37,21.37
21.60,21.64,21.38,21.58
21.35,21.75,21.35,21.66
21.45,21.48,21.08,21.36
21.93,21.93,21.28,21.41
22.40,22.53,22.04,22.07
22.28,22.35,21.95,22.20
22.25,22.34,21.76,22.27
22.51,22.74,22.37,22.48
22.70,22.75,22.45,22.51
22.53,22.79,22.16,22.61
22.60,22.70,22.50,22.53
22.65,22.80,22.35,22.58
22.25,22.84,22.22,22.58
22.52,22.59,22.15,22.35
22.50,22.77,22.47,22.66
23.20,23.48,22.38,22.53
23.69,23.89,23.23,23.26
23.30,23.76,23.25,23.67
28.31,24.05,23.26,23.34
23.98,24.13,23.63,23.91
24.21,24.52,23.95,24.01
24.61,24.99,24.15,24.36
24.17,24.88,24.05,24.75
24.51,24.57,24.00,24.11
24.34,24.65,24.18,24.43
24.30,24.58,24.10,24.34
24.05,24.59,24.05,24.48
23.55,24.07,23.55,24.00
23.26,23.61,23.04,23.55
22.90,23.24,22.80,23.19
23.55,23.60,22.87,22.98
23.42,24.00,23.35,23.48
23.71,23.77,23.47,23.57
23.77,24.16,23.65,23.70
24.18,24.26,23.70,23.93
23.45,24.53,23.31,24.39
23.54,24.03,23.43,24.02
22.98,23.82,22.81,23.72
23.09,23.31,22.99,23.04
23.79,23.79,22.96,23.09
23.13,23.99,23.05,23.75
22.80,23.21,22.70,23.12
22.05,22.48,22.02,22.45
22.52,22.69,21.85,22.10
22.53,22.77,22.35,22.70
22.01,22.55,22.01,22.52
21.94,22.25,21.90,22.11
21.90,22.05,21.51,21.61
21.91,22.23,21.70,22.00
21.91,22.07,21.82,22.00
21.51,22.00,21.45,21.80
21.82,21.86,21.43,21.44
22.25,22.26,21.72,21.80
22.06,22.56,22.05,22.25
22.35,22.50,22.02,22.06
21.91,22.50,21.70,22.43
21.75,22.14,21.74,22.05
22.05,22.13,21.67,21.71
22.21,22.40,21.84,22.18
22.21,22.40,22.11,22.21
22.67,22.72,22.27,22.60
22.68,22.95,22.63,22.71
23.40,23.44,22.69,22.73
23.17,23.65,23.12,23.24
23.78,23.99,23.05,23.25
24.10,24.18,23.50,23.88
24.09,24.23,24.02,24.10
24.23,24.46,24.08,24.09
23.86,24.44,23.83,24.38
23.80,24.22,23.80,24.01
23.92,24.10,23.70,23.80
23.92,24.10,23.80,23.97
23.85,24.17,23.66,24.00
23.52,23.94,23.51,23.82
23.90,24.19,23.55,23.57
23.49,24.00,23.48,23.82
23.80,24.12,23.65,23.68
24.20,24.63,21.18,24.18
23.73,24.27,23.73,24.20
23.84,24.06,23.64,23.84
24.25,24.25,23.47,23.69
23.47,23.88,22.88,23.71
23.89,23.90,23.47,23.53
24.27,24.68,23.86,23.88
24.15,24.42,23.97,24.31
24.19,24.80,24.03,24.21
23.69,24.56,23.68,24.04
23.03,23.70,23.03,23.69
22.82,23.08,22.79,22.89
23.14,23.29,22.82,23.05
23.06,23.36,23.05,23.16
22.77,23.25,22.73,23.18
22.90,23.03,22.75,22.83
23.01,23.15,22.79,23.08
23.44,23.44,22.92,23.13
23.12,23.45,23.01,23.39
23.03,23.39,23.03,23.37
22.61,23.03,22.56,22.95
22.28,23.33,22.25,22.79
23.26,23.26,21.90,22.58
25.11,25.87,25.10,25.68
25.60,25.69,25.04,25.05
25.45,25.90,25.28,25.56
24.91,25.88,24.91,25.77
24.90,25.48,24.83,25.21
25.00,25.04,24.66,24.96
25.86,25.86,24.56,24.84
24.47,25.39,24.38,24.92
24.95,25.20,24.60,24.71
24.80,25.27,24.71,25.06
25.55,25.31,24.66,24.80
24.23,25.11,24.14,24.98
23.91,24.33,23.62,24.33
23.67,24.14,23.65,23.95
24.56,24.58,23.82,23.90
23.90,24.69,23.60,24.56
22.52,23.76,22.51,23.73
23.17,23.48,22.72,22.72
22.80,23.03,22.40,22.97
22.36,23.11,22.28,22.79
22.43,22.49,21.96,22.14
22.40,22.71,22.30,22.43
22.01,22.02,21.63,21.92
22.59,22.70,22.10,22.16
22.68,22.87,22.15,22.23
22.85,23.03,22.67,22.73
23.05,23.07,22.70,23.02
23.60,23.62,22.98,23.21
23.40,23.78,23.21,23.54
21.70,23.03,21.70,22.99
21.50,21.96,21.27,21.57
21.20,22.08,21.20,21.61
21.40,21.45,20.96,21.29
21.70,21.79,21.30,21.35
22.60,22.66,21.80,21.82
22.57,22.98,22.38,22.62
23.07,23.14,22.55,22.67
23.41,23.44,22.94,23.32
22.70,23.60,22.50,23.24
22.49,22.98,22.49,22.90
22.36,22.91,22.36,22.44
22.85,22.86,22.20,22.38
22.82,22.96,22.37,22.90
22.82,23.20,22.70,22.88
21.04,22.71,21.01,22.71
20.34,21.29,20.32,21.16
20.33,20.50,20.14,20.18
20.65,20.93,20.54,20.58
21.15,21.16,20.25,20.37
20.70,21.30,20.37,21.20
20.43,20.95,20.23,20.69
20.97,21.00,20.02,20.50
21.50,21.54,21.06,21.13
21.67,21.83,21.56,21.64
21.95,22.10,21.42,21.58
21.58,22.03,21.29,21.96
22.20,22.24,21.46,21.61
22.34,22.50,21.95,22.15
21.78,22.33,21.61,22.20
21.77,21.98,21.60,21.81
21.24,21.78,21.16,21.77
20.92,21.29,20.85,21.19
20.35,20.85,20.34,20.72
21.38,21.62,20.00,20.52
21.78,21.78,19.51,19.68
22.85,22.85,21.39,21.77
22.10,23.00,22.06,22.86
21.87,22.17,21.65,22.00
22.17,22.38,21.77,21.85
22.88,23.17,22.53,22.55
23.14,23.20,22.45,22.95
23.84,24.05,23.02,23.18
23.82,24.16,23.50,24.03
23.51,24.02,23.24,23.81
23.05,23.69,23.05,23.55
23.10,23.26,22.63,22.81
23.05,23.44,22.82,23.25
23.60,23.78,22.95,23.19
24.65,24.65,23.56,23.56
24.38,24.92,24.10,24.85
25.90,26.45,24.45,24.50
25.09,26.09,24.82,25.79
25.21,25.64,25.01,25.20
25.95,26.10,25.25,25.31
26.10,26.15,25.57,25.84
25.95,26.56,25.65,25.80
26.30,26.65,26.13,26.28
26.50,26.51,25.90,26.30
27.00,27.44,26.79,26.84
27.29,27.48,26.86,26.87
27.32,27.79,27.29,27.32
28.08,28.99,27.42,27.42
28.52,28.57,28.08,28.27
29.12,29.15,28.15,28.64
29.60,29.66,29.15,29.28
28.84,29.68,28.82,29.62
29.51,29.51,28.91,28.95
27.44,29.55,27.32,29.51
27.48,28.15,27.38,27.44
26.20,27.10,26.20,27.04
25.53,26.33,25.43,26.13
25.89,26.04,25.52,25.58
25.57,26.15,25.38,25.89
25.87,25.90,25.38,25.57
26.11,26.11,25.80,26.07
25.95,26.25,25.83,26.04
26.25,26.25,25.75,25.81
26.15,26.37,26.02,26.30
26.56,26.74,26.16,26.20
26.54,26.61,26.23,26.56
25.45,26.58,25.42,26.51
25.30,25.55,25.14,25.22
25.30,25.47,25.05,25.05
25.81,25.87,25.20,25.40
25.45,25.88,25.40,25.80
25.41,25.81,25.18,25.70
25.41,25.41,25.41,25.41
24.85,25.16,24.75,24.96
24.40,24.76,23.80,24.73
24.52,24.75,24.25,24.35
24.41,24.62,24.13,24.38
24.30,24.30,24.30,24.30
25.70,26.10,25.16,25.21
26.20,26.47,24.50,25.40
25.45,25.59,24.99,25.52
26.02,26.33,25.40,25.59
26.02,26.02,26.02,26.02
26.21,26.40,25.28,26.16
25.70,26.25,25.50,26.20
25.85,26.04,25.05,25.41
26.20,26.78,26.11,26.31
26.34,26.34,26.34,26.34
26.72,27.23,26.59,26.81
27.45,27.50,26.00,26.73
27.05,27.69,26.80,27.26
27.85,28.08,26.91,27.01
27.80,27.80,27.80,27.80
28.60,28.70,28.13,28.30
29.10,29.58,28.70,28.81
29.50,29.81,28.86,29.09
29.27,29.75,29.06,29.50
29.37,29.37,29.37,29.37
29.05,29.45,29.00,29.04
30.55,30.58,28.74,28.74
30.05,30.48,29.81,30.40
30.80,30.90,29.56,30.13
29.90,29.90,29.90,29.90
30.76,31.11,30.45,30.76
31.90,31.91,30.66,31.01
31.83,32.27,31.75,31.87
31.83,31.83,31.83,31.83
32.20,32.48,31.50,31.86
32.10,32.70,31.86,32.56
32.23,32.59,31.96,32.44
32.05,32.40,31.72,32.32
31.64,31.64,31.64,31.64
31.50,31.96,31.40,31.63
31.30,31.58,31.00,31.46
31.00,31.59,31.00,31.27
30.51,31.17,30.39,30.79
30.70,30.70,30.70,30.70
28.90,29.76,28.80,29.27
30.20,30.30,28.81,28.90
30.35,30.62,29.82,30.16
30.90,31.15,30.43,30.55
30.60,30.60,30.60,30.60
30.30,31.95,30.29,31.63
30.25,30.48,29.72,30.19
31.61,31.82,29.34,30.27
30.50,31.91,30.20,31.65
30.20,30.20,30.20,30.20
33.00,33.18,31.56,31.56
34.31,34.36,32.75,32.83
34.80,34.87,33.62,33.62
33.75,35.00,33.70,34.81
33.95,33.95,33.95,33.95
34.23,34.28,33.75,33.97
34.30,34.74,34.14,34.23
34.14,34.49,33.92,34.33
34.20,34.43,33.77,34.19
34.20,34.20,34.20,34.20
33.30,34.24,33.30,33.95
33.50,34.10,33.20,33.75
34.92,34.93,33.37,33.72
36.09,36.09,34.95,35.05
36.09,36.09,36.09,36.09
35.40,36.69,35.31,35.98
37.08,37.62,36.86,37.49
36.98,37.25,36.70,37.08
36.92,36.92,36.92,36.92
37.30,37.61,36.90,37.40
36.90,37.48,36.80,37.37
37.35,37.45,36.82,37.10
35.19,36.85,35.15,36.85
35.23,35.23,35.23,35.23
35.71,36.30,35.24,35.30
36.42,36.75,36.00,36.48
36.95,37.25,36.21,36.42
35.63,37.06,35.35,36.86
35.65,35.65,35.65,35.65
36.45,36.76,35.95,35.95
37.60,38.80,36.00,36.10
33.10,37.85,33.01,33.91
33.99,34.16,33.24,33.44
33.98,33.98,33.98,33.98
34.10,34.95,33.79,34.77
34.25,34.28,33.56,34.01
32.92,34.37,32.75,34.25
32.25,32.95,32.01,32.91
32.14,32.14,32.14,32.14
32.45,32.60,32.04,32.24
32.05,32.42,31.60,32.40
32.10,32.44,31.90,32.05
32.28,32.28,32.28,32.28
30.50,30.87,30.30,30.87
29.55,30.50,29.47,30.48
29.50,29.56,29.21,29.55
29.25,29.29,28.78,28.80
28.65,29.42,28.55,29.24
28.70,28.70,28.70,28.70
27.98,28.61,27.90,28.59
27.98,28.13,27.92,27.95
28.14,28.25,27.96,28.07
28.20,28.40,28.11,28.27
28.00,28.50,27.84,28.37
28.22,28.25,27.84,27.99
27.82,27.82,27.82,27.82
27.51,27.52,26.76,27.18
26.95,27.61,26.83,27.46
28.31,27.74,27.00,27.11
27.35,27.42,27.08,27.25
27.29,27.29,27.29,27.29
26.76,27.10,26.29,26.53
27.46,27.89,26.81,26.86
26.93,27.54,26.75,27.46
27.65,28.28,26.78,26.92
27.99,27.99,27.99,27.99
27.80,28.36,27.80,28.30
28.28,28.39,27.72,27.80
28.44,28.44,28.10,28.28
27.90,28.32,27.90,28.28
27.85,28.20,27.80,28.03
27.70,27.99,27.50,27.78
27.70,27.70,27.70,27.70
27.24,27.29,26.76,27.19
27.24,27.24,27.24,27.24
27.78,27.91,27.40,27.70
28.75,29.35,27.68,27.77
26.61,27.00,25.60,26.75
26.50,27.40,26.50,26.61
26.50,26.50,26.50,26.50
25.88,27.00,25.73,26.87
25.70,26.20,25.50,25.97
26.70,26.79,25.76,25.87
26.27,27.20,26.04,26.82
26.27,26.27,26.27,26.27
25.25,25.65,25.15,25.60
25.29,25.55,25.15,25.40
24.99,25.40,24.97,25.29
24.95,25.02,24.64,24.92
24.81,24.81,24.81,24.81
23.99,24.19,23.79,24.09
23.00,24.00,22.98,24.00
23.12,23.15,22.72,22.87
22.97,23.09,22.65,23.07
23.48,23.48,22.65,22.97
23.48,23.48,23.48,23.48
23.77,24.22,23.70,24.02
23.90,23.99,23.65,23.83
24.29,24.29,23.84,23.98
24.32,24.32,24.32,24.32
24.37,24.50,24.04,24.24
23.80,24.15,23.72,24.07
23.80,23.98,23.70,23.88
23.54,23.79,23.48,23.70
23.63,23.63,23.63,23.63
23.68,23.75,23.22,23.41
22.90,23.56,22.70,23.43
23.00,23.23,22.81,23.03
23.10,23.47,22.22,23.00
21.99,21.99,21.99,21.99
22.15,22.52,22.04,22.25
22.52,22.52,22.10,22.11
22.46,22.90,22.20,22.66
22.70,22.94,22.31,22.38
22.82,22.82,22.82,22.82
24.65,24.65,23.07,23.07
24.31,24.69,24.31,24.65
24.55,24.68,24.20,24.43
24.60,25.09,24.55,25.04
24.56,24.56,24.56,24.56
24.70,24.75,24.25,24.60
24.32,24.84,24.25,24.67
24.80,25.00,24.42,24.50
25.04,25.11,24.55,24.97
24.57,25.18,24.45,25.04
25.40,25.58,24.41,24.49
26.30,26.43,25.70,25.88
25.43,26.48,25.43,26.43
25.15,25.62,24.84,25.50
24.50,25.19,24.50,25.15
24.60,24.70,24.30,24.50
24.40,24.74,24.20,24.67
24.15,24.34,24.08,24.32
24.49,24.57,24.15,24.29
23.95,24.72,23.87,24.50
23.87,24.05,23.58,24.00
24.18,24.38,23.98,24.11
25.04,25.30,24.23,24.31
24.43,25.28,24.42,24.89
23.92,24.53,23.84,24.38
23.22,24.38,23.16,24.29
21.78,22.52,21.76,22.46
21.66,21.87,21.54,21.78
21.45,21.79,21.15,21.76
21.30,21.63,21.10,21.49
21.05,21.29,20.85,21.25
20.79,21.08,20.69,21.02
20.73,21.02,20.52,20.69
20.48,20.78,20.31,20.67
20.76,20.90,20.32,20.58
21.46,21.70,20.80,20.83
21.52,21.81,21.12,21.56
21.73,21.85,21.32,21.55
21.70,22.11,21.50,21.73
21.94,21.98,21.46,21.55
21.99,22.09,21.66,21.94
21.65,22.15,21.52,21.97
21.65,21.80,21.30,21.73
21.71,22.27,21.51,21.62
21.53,21.68,20.95,21.65
20.80,21.50,20.80,21.48
21.00,21.46,20.42,20.51
21.20,21.42,20.89,21.24
21.70,21.81,20.78,21.10
22.28,22.36,21.42,21.94
22.30,22.64,22.01,22.23
21.95,22.40,21.92,22.15
21.15,21.76,21.02,21.70
21.38,21.38,20.76,21.06
21.66,21.95,21.01,21.77
21.29,21.71,20.87,21.68
20.75,21.29,20.14,21.29
20.18,20.19,19.82,19.99
19.95,20.34,19.76,20.30
19.46,19.91,19.30,19.91
19.50,19.76,19.46,19.55
19.15,19.94,19.05,19.55
18.90,19.45,18.65,19.35
18.52,19.01,18.52,18.92
18.80,18.88,18.35,18.75
19.00,19.09,18.80,18.89
19.50,19.55,19.00,19.06
19.60,19.74,19.00,19.26
19.20,19.78,19.00,19.56
19.47,19.50,19.10,19.24
18.98,19.31,18.93,19.24
18.81,19.15,18.71,18.92
18.89,18.89,18.32,18.84
18.80,19.00,16.60,18.89
18.80,18.97,18.51,18.80
19.00,19.31,18.64,18.79
19.75,19.90,19.20,19.31
19.91,19.80,19.24,19.65
19.00,19.95,18.99,19.91
18.73,19.08,18.62,19.05
19.00,19.13,18.55,18.73
17.64,18.33,17.64,18.13
17.57,18.00,17.41,17.64
17.13,17.70,17.10,17.65
15.95,17.25,15.82,17.15
16.10,16.39,15.93,16.26
15.86,16.25,15.85,16.16
15.97,16.07,15.55,15.85
16.05,16.39,15.94,16.04
16.10,16.24,15.48,15.51
16.50,16.55,16.01,16.51
16.45,16.74,16.30,16.71
16.32,16.38,16.00,16.29
16.30,16.50,16.09,16.24
15.72,16.39,15.72,16.30
16.15,16.37,16.04,16.33
15.76,16.05,15.75,16.02
15.85,16.24,15.79,15.99
15.90,16.21,15.85,16.07
16.33,16.44,15.95,16.00
16.15,16.31,16.04,16.25
16.02,16.25,15.55,16.19
16.03,16.26,15.78,16.02
15.88,16.23,15.55,16.11
15.51,16.01,15.44,16.01
15.90,15.91,15.45,15.62
16.07,16.18,15.77,15.90
15.45,16.40,15.41,16.23
15.15,15.59,15.08,15.52
14.95,15.29,14.80,15.28
14.50,14.96,14.39,14.94
14.45,14.90,14.38,14.60
14.10,14.27,13.94,14.18
13.95,14.13,13.88,14.10
14.40,14.55,13.83,13.99
13.75,14.14,13.72,14.08
14.33,14.52,13.46,13.73
14.28,14.53,14.12,14.32
14.78,15.13,14.21,14.28
14.52,14.52,14.09,14.36
14.36,14.60,14.06,14.40
13.86,14.56,13.82,14.36
13.18,13.57,13.15,13.50
13.38,13.47,13.00,13.15
14.04,14.18,13.85,13.92
14.00,14.26,13.81,14.14
14.12,14.17,13.90,14.04
14.22,14.27,13.98,14.20
14.65,14.74,14.19,14.26
15.00,15.00,14.50,14.80
14.45,15.00,14.15,14.83
14.65,14.80,14.00,14.66
14.06,14.80,13.92,14.80
13.39,14.14,13.01,14.06
13.20,13.55,13.16,13.39
12.84,13.03,12.49,13.03
12.56,12.56,12.11,12.41
12.85,12.98,12.45,12.56
13.15,13.15,12.79,12.93
12.96,13.39,12.84,13.39
12.93,13.06,12.60,13.06
12.77,13.03,12.62,13.03
13.03,13.13,12.76,12.85
13.50,13.65,12.91,13.02
13.17,13.50,13.08,13.20
12.88,13.19,12.88,13.10
13.18,13.38,12.75,12.80
12.94,13.19,12.63,13.18
13.30,13.30,12.92,12.99
12.95,13.70,12.64,13.45
12.58,12.93,12.42,12.60
12.65,12.66,12.34,12.53
12.93,12.77,12.50,12.70
12.35,12.60,12.12,12.49
13.05,12.82,12.15,12.45
12.05,12.54,12.00,12.43
11.98,12.24,11.90,12.05
11.45,11.96,11.40,11.73
12.48,12.35,11.30,11.45
16.32,16.32,12.26,12.26
16.30,16.82,16.10,16.32
16.49,16.49,15.76,16.30
16.48,16.82,16.25,16.49
16.00,16.70,15.82,16.48
17.00,17.00,16.01,16.14
16.40,17.10,16.15,17.04
16.33,16.90,16.20,16.80
16.36,16.72,16.12,16.23
17.38,17.56,16.70,16.70
17.65,17.83,17.13,17.37
17.55,17.76,17.38,17.42
18.40,18.50,17.65,17.69
18.43,18.44,17.82,18.05
19.20,19.49,18.56,18.68
19.92,20.00,18.73,18.88
19.62,20.06,19.51,19.91
19.98,20.22,19.40,19.62
19.40,20.00,19.19,19.90
18.95,19.75,18.95,19.57
19.70,19.70,18.77,18.82
19.92,20.30,19.68,19.78
19.00,20.11,19.00,19.96
19.00,19.44,18.82,19.05
18.22,19.19,18.14,19.14
17.95,18.19,17.79,17.96
18.05,18.26,17.55,18.01
18.15,18.49,18.11,18.20
18.33,18.67,18.24,18.30
18.37,18.49,18.13,18.23
17.91,18.67,17.84,18.54
16.74,18.00,16.74,18.00
16.60,17.16,16.47,16.76
17.20,18.91,16.60,16.85
17.62,17.93,17.12,17.40
17.20,17.73,17.16,17.62
17.00,17.20,16.59,17.20
17.25,17.64,17.00,17.18
16.96,17.79,16.83,17.32
16.60,17.18,16.41,17.16
16.60,16.80,16.35,16.40
16.50,17.17,16.46,16.79
17.35,17.47,16.90,16.95
17.55,17.56,16.72,17.11
19.05,19.06,18.00,18.06
19.75,20.15,18.90,19.30
19.59,19.65,19.14,19.41
18.95,19.60,18.86,19.58
19.63,19.63,18.68,18.76
18.60,19.60,17.97,19.53
18.25,18.75,18.00,18.25
17.40,18.54,17.39,18.24
16.59,17.20,16.01,17.01
14.75,17.07,14.70,16.60
13.70,14.08,13.52,13.60
13.76,14.44,13.60,13.80
13.40,14.01,13.20,13.98
13.50,13.79,13.19,13.40
13.54,14.15,13.54,13.80
13.78,13.99,13.50,13.54
14.00,14.45,13.78,14.05
14.74,14.75,14.01,14.21
15.02,15.30,14.57,14.96
15.00,15.31,14.69,15.07
14.75,15.65,14.70,15.03
13.66,14.64,13.20,14.58
13.98,14.22,13.56,13.75
12.72,13.95,12.69,13.87
13.20,13.50,12.35,12.72
13.15,13.94,13.15,13.52
12.97,13.10,12.56,12.94
12.26,13.55,12.20,13.05
12.20,12.45,11.70,12.00
12.02,12.40,11.95,12.30
11.90,12.60,11.59,12.53
12.06,12.18,11.30,12.10
11.95,12.10,11.80,12.10
11.60,11.80,11.08,11.25
11.36,12.00,11.02,11.87
10.70,11.18,10.50,11.01
10.95,11.26,10.70,10.90
10.95,11.13,10.80,10.85
12.00,12.12,10.90,10.90
11.62,12.40,11.59,12.23
11.81,12.50,11.52,11.52
12.32,12.40,11.75,11.80
12.50,12.68,12.23,12.30
13.04,13.46,12.50,12.50
13.25,13.25,12.55,13.05
12.69,13.45,12.35,13.06
13.68,14.01,13.09,13.09
14.12,14.30,13.48,13.78
13.40,14.31,13.32,14.07
13.25,13.70,13.09,13.20
13.90,13.95,13.24,13.35
14.12,14.31,13.75,13.97
14.60,14.60,14.00,14.07
14.70,14.80,14.26,14.75
14.90,15.05,14.60,14.76
14.90,15.19,14.32,14.59
15.24,15.47,14.60,14.98
15.43,15.93,15.23,15.27
16.08,16.08,15.30,15.43
14.83,15.60,14.62,15.27
14.11,14.80,13.25,14.73
14.05,14.35,13.89,14.15
13.30,13.73,13.10,13.72
13.04,13.65,13.00,13.50
13.33,13.34,12.76,12.85
13.90,13.91,13.33,13.43
14.35,14.54,14.20,14.20
15.18,15.26,14.81,14.85
16.21,16.30,15.00,15.31
16.19,16.39,16.02,16.20
16.86,16.87,16.02,16.02
16.96,17.20,16.51,17.02
16.35,17.25,16.06,17.05
16.25,17.40,15.75,16.20
15.86,17.65,15.80,17.44
15.99,16.75,15.51,15.96
16.35,16.42,15.90,16.03
15.77,16.04,15.06,16.04
16.46,16.72,15.86,15.89
16.30,16.68,16.00,16.46
16.63,17.04,16.38,16.72
17.00,17.30,15.96,17.20
16.98,17.08,15.95,16.87
15.68,16.75,15.68,16.27
17.00,17.05,15.43,15.68
17.30,17.44,16.25,16.84
18.52,18.88,17.60,17.76
18.65,18.90,17.85,18.88
18.32,18.88,17.60,18.53
17.55,18.32,17.55,18.32
17.05,17.59,16.91,17.31
18.65,18.79,16.00,16.79
19.50,19.59,18.07,18.94
20.05,20.42,19.43,19.74
20.45,20.90,19.70,19.99
21.48,21.71,20.38,20.75
22.70,23.15,21.64,21.73
23.54,24.10,22.03,22.72
22.86,24.47,22.70,23.29
23.52,23.85,22.34,23.57
23.75,24.30,23.12,23.87
22.00,23.99,21.60,23.55
23.05,23.30,22.07,22.09
22.90,23.75,22.50,22.65
24.00,24.06,22.56,23.00
23.00,24.25,22.95,23.95
21.75,23.09,21.52,23.00
22.85,23.14,21.51,21.95
23.45,23.91,22.82,23.13
23.98,24.45,23.55,23.65
23.24,24.50,23.20,24.23
23.01,23.40,22.40,23.20
24.70,24.89,23.52,23.55
24.00,24.74,23.53,24.16
24.00,24.19,23.53,23.96
24.20,24.75,23.79,24.00
24.72,24.98,23.85,24.30
25.30,25.97,24.78,25.27
23.95,25.57,23.85,25.21
23.25,23.92,23.00,23.50
24.80,24.88,23.91,24.00
25.26,25.70,24.20,24.67
24.76,26.00,24.76,25.26
23.70,25.23,23.32,24.73
23.76,24.14,23.52,23.70
24.55,25.88,24.25,24.63
25.35,25.54,24.50,25.10
25.53,25.74,24.96,25.49
26.49,26.55,25.26,25.53
26.13,26.82,26.00,26.37
26.60,26.70,25.45,26.13
26.93,27.10,26.70,26.70
27.35,27.89,26.91,27.14
27.83,27.95,27.15,27.30
28.11,28.30,27.37,27.83
28.54,28.95,27.71,28.11
29.51,29.99,28.27,28.54
29.60,29.74,29.21,29.40
29.70,30.04,28.50,30.01
29.75,29.80,29.25,29.60
30.00,30.65,29.72,29.75
30.30,31.25,29.80,31.05
27.95,28.96,27.70,28.46
28.75,28.94,27.42,27.95
29.75,30.08,28.66,28.74
28.80,30.60,28.75,30.04
28.40,28.50,27.76,27.81
28.28,29.18,27.84,27.85
29.00,29.08,28.35,28.51
30.20,30.21,29.00,29.10
30.00,30.85,29.00,30.44
29.85,30.55,29.49,30.05
29.75,30.48,29.39,29.65
31.00,31.20,29.80,29.96
30.90,31.22,29.95,30.95
32.55,32.79,31.11,31.13
33.75,34.30,32.29,32.31
34.56,34.65,33.19,33.75
35.00,35.27,34.82,35.00
34.65,34.75,33.52,34.60
34.25,35.02,33.95,34.97
32.95,34.00,32.81,33.90
32.35,32.80,31.95,32.44
32.22,32.65,31.89,32.35
32.70,32.90,32.00,32.15
33.00,33.41,32.81,33.18
34.08,34.43,32.57,32.80
33.25,34.63,32.90,34.20
34.25,34.74,33.70,33.89
35.22,35.43,33.99,34.14
36.50,36.95,34.61,35.05
36.40,36.47,35.36,35.70
34.93,36.80,34.70,36.53
33.95,35.36,33.70,34.96
33.90,34.08,33.04,33.25
33.60,34.40,33.27,33.52
34.44,34.84,33.30,33.39
35.10,35.38,34.10,34.37
34.40,35.42,34.29,35.32
36.00,36.30,34.30,34.36
37.06,37.39,36.22,36.60
37.31,38.00,36.75,37.06
35.91,37.50,35.75,37.31
35.70,35.95,35.40,35.66
35.80,35.85,35.36,35.69
35.20,36.16,35.15,36.01
36.09,36.99,36.08,36.21
35.05,36.36,35.02,36.09
35.00,35.20,34.51,34.80
34.80,35.25,34.20,34.42
34.75,35.90,34.30,34.90
33.05,35.15,32.80,34.96
31.45,33.30,31.40,32.99
32.00,32.09,31.05,31.15
29.98,31.94,29.85,30.64
29.00,29.89,28.89,29.71
28.50,29.60,28.45,29.00
28.20,28.65,27.81,28.26
29.05,29.60,28.10,28.16
28.00,29.80,28.00,28.86
26.80,26.88,26.00,26.05
27.64,27.67,27.20,27.50
26.90,27.30,26.46,27.30
26.41,27.05,26.41,26.86
26.49,26.93,25.95,26.16
25.50,26.90,25.50,26.74
26.40,26.66,24.83,25.98
27.22,27.24,26.27,26.39
27.40,27.55,26.43,26.98
28.33,28.90,26.99,27.16
29.10,29.70,28.32,28.58
30.10,30.22,29.17,29.61
29.30,30.38,29.16,30.35
28.77,29.50,28.15,29.44
29.40,30.10,29.00,29.25
29.02,29.80,28.86,29.63
28.80,29.30,28.35,29.06
28.49,29.25,28.30,28.79
26.92,28.74,26.92,28.00
28.40,28.50,27.05,27.16
28.82,28.97,28.24,28.48
28.90,29.49,28.62,29.37
29.80,29.80,28.65,28.86
30.42,31.15,30.18,30.45
30.50,30.62,30.07,30.42
31.72,31.90,30.71,31.04
31.97,31.97,31.30,31.72
32.72,33.30,31.69,31.97
32.65,32.89,32.25,32.75
32.68,32.89,32.20,32.65
31.90,32.94,31.65,32.78
29.49,31.20,29.42,31.10
28.51,29.34,28.46,29.25
28.70,29.10,28.45,28.51
29.00,29.20,28.55,28.95
28.01,28.97,28.01,28.84
28.70,28.88,28.10,28.10
28.48,28.60,28.10,28.51
27.58,28.30,27.58,27.95
28.15,28.26,27.42,27.70
28.05,29.09,28.00,28.55
28.97,29.42,28.40,28.82
28.48,29.47,28.30,28.91
28.05,28.99,28.01,28.83
29.70,29.77,28.51,28.52
29.45,30.85,29.42,30.71
29.95,30.21,29.26,29.29
29.95,30.75,29.20,29.95
29.70,30.87,29.41,30.15
29.95,29.99,29.30,29.76
28.25,29.93,28.08,29.93
27.70,28.15,27.23,28.15
27.20,27.70,26.90,27.51
27.50,27.50,26.98,27.27
26.75,27.35,26.06,27.17
26.50,27.25,26.25,26.95
26.20,27.59,26.10,27.00
25.14,26.30,25.04,26.25
24.38,25.10,24.27,25.10
23.87,24.40,23.68,24.33
24.25,24.26,23.60,23.78
24.00,24.75,23.55,24.41
23.90,24.25,22.60,24.13
25.00,25.39,24.21,25.03
25.11,25.70,25.01,25.31
24.20,25.00,24.18,24.95
24.36,24.80,23.61,24.64
24.40,24.94,24.30,24.80
24.60,25.74,24.55,24.75
24.99,25.27,24.54,24.70
24.73,25.49,24.15,25.49
23.45,24.80,23.45,24.48
23.15,23.45,22.81,23.30
22.12,23.00,22.06,22.90
22.40,23.20,22.15,22.27
22.80,23.00,22.05,22.20
23.86,23.87,22.56,22.93
23.90,24.58,23.86,24.34
23.50,24.13,22.30,24.13
23.73,24.25,23.25,24.22
23.61,24.65,23.60,23.85
22.70,23.74,22.60,23.61
22.61,23.50,22.46,23.36
22.85,23.30,22.53,22.70
24.50,24.79,23.10,23.62
23.00,23.99,23.00,23.81
23.42,23.60,22.38,23.23
23.32,23.75,22.90,23.36
22.13,24.36,22.13,24.12
20.55,21.98,20.50,21.94
21.42,21.47,20.45,20.78
20.90,22.00,20.60,21.42
21.50,21.55,20.40,21.10
21.20,22.25,21.06,21.70
19.85,21.48,19.55,21.25
19.00,20.10,19.00,20.07
19.15,19.47,18.72,18.86
19.40,19.92,19.00,19.55
19.06,19.24,18.42,19.24
19.95,20.20,18.50,19.30
21.20,21.20,18.50,19.78
20.50,21.69,20.20,21.00
18.00,20.45,18.00,20.15
22.00,22.01,20.54,20.82
21.53,23.00,20.11,22.75
21.50,22.40,21.00,21.73
21.15,22.48,21.00,21.75
22.50,23.18,22.36,23.05
23.20,24.25,23.11,23.35
24.35,24.55,23.20,24.00
25.35,25.78,24.26,24.60
26.35,26.95,25.60,25.83
25.90,26.75,25.85,26.50
26.90,27.55,25.91,26.05
27.40,27.60,27.11,27.15
27.20,27.80,26.76,27.50
28.03,28.04,27.05,27.16
26.50,28.05,26.30,27.79
26.38,26.79,25.89,26.17
26.85,26.99,26.00,26.38
25.20,27.00,24.30,26.45
26.10,26.36,25.29,26.09